Workbook
Name ADJLAttributesDimensionsColumn: AuxAttributesByDimension!$AC$2:$AC$18
Name ADJLDimensionsClassColumn: AuxDimensionsByClass!$F$2:$F$9
Name ADJLMetricsClassColumn: AuxMetricsByClass!$A$2
Name ADJNAttributesDimensionsColumn: AuxAttributesByDimension!$AB$2:$AB$18
Name ADJNDimensionsClassColumn: AuxDimensionsByClass!$G$2:$G$9
Name ADJNMetricsClassColumn: AuxMetricsByClass!$B$2
Name AggregationsOptionsList: AuxData!$H$2:$H$5
Name AltaiaTypeOptionsList: AuxData!$C$2:$C$5
Name AttributesData1FromDimensions: '4. Dimensions & Entities'!$B$35:$B$428
Name AttributesData2FromDimensions: '4. Dimensions & Entities'!$F$35:$J$428
Name AttributesDataListAux: AuxData!$AC$2:$AC$2
Name AttributesList: '4. Dimensions & Entities'!$F$35:$F$428
Name AttributesListLabelAux: AuxData!$AC$1
Name AttributesLogicalPhysicalDataListAux: AuxData!$AC$2:$AD$469
Name BusyHourConsolidationOptionsList: AuxData!$J$2:$J$7
Name Cell_CoverageAttributesDimensionsColumn: AuxAttributesByDimension!#REF!
Name Cell_INFOAttributesDimensionsColumn: AuxAttributesByDimension!#REF!
Name Cell_OperatorAttributesDimensionsColumn: AuxAttributesByDimension!#REF!
Name Cell_RadioAttributesDimensionsColumn: AuxAttributesByDimension!#REF!
Name CellAttributesDimensionsColumn: AuxAttributesByDimension!$AA$2:$AA$17
Name CellDimensionsClassColumn: AuxDimensionsByClass!$E$2:$E$9
Name CellMetricsClassColumn: AuxMetricsByClass!$C$2
Name ChartScaleTypeOptionsList: AuxData!$Q$2:$Q$3
Name ChartTypeOptionsList: AuxData!$P$2:$P$7
Name ClassesByDimensionListAux: AuxData!$AB$1
Name ClassesByMetricsListAux: AuxData!$AI$1
Name ClassesDataListAux: AuxData!$AF$2:$AF$17
Name ClassesLabelBusMatrix: '4. BUS Matrix'!$B$4
Name ClassesLabelMetricsSheet: '5. Metrics'!$B$4
Name ClassesList: '4. BUS Matrix'!$B$14:$B$28
Name ClassesListLabelAux: AuxData!$AF$1
Name ClassesPhysicalDataListAux: AuxData!$AF$2:$AG$17
Name ClassOfMetricDataList: AuxData!$AI$2:$AJ$2
Name DA_R5G_Cell_COVERAGEAttributesDimensionsColumn: AuxAttributesByDimension!$Z$2:$Z$3
Name DA_R5G_Cell_OperatorAttributesDimensionsColumn: AuxAttributesByDimension!$Y$2:$Y$3
Name DA_R5G_Cell_RadioAttributesDimensionsColumn: AuxAttributesByDimension!$X$2:$X$3
Name DA_R5G_gNodeB_COORDINATESAttributesDimensionsColumn: AuxAttributesByDimension!$W$2:$W$3
Name DA_R5G_gNodeB_GEOGRAPHYAttributesDimensionsColumn: AuxAttributesByDimension!$V$2:$V$3
Name DA_R5G_HUA_gNodeB_COORDAttributesDimensionsColumn: AuxAttributesByDimension!$U$2:$U$3
Name DA_R5G_HUA_gNodeB_GEOAttributesDimensionsColumn: AuxAttributesByDimension!$T$2:$T$8
Name DA_R5G_HUA_Site_Add_INFOAttributesDimensionsColumn: AuxAttributesByDimension!$S$2:$S$5
Name DA_R5G_HUA_SITE_OPERAttributesDimensionsColumn: AuxAttributesByDimension!$R$2
Name DA_R5G_MUNICIPIO_Add_InfoAttributesDimensionsColumn: AuxAttributesByDimension!$Q$2
Name DA_R5G_Site_ADD_INFOAttributesDimensionsColumn: AuxAttributesByDimension!$P$2:$P$3
Name DashboardDescriptionLabelDashboardsSheet: '6. Dashboards'!$C$4
Name DashboardNameLabelDashboardsSheet: '6. Dashboards'!$B$4
Name DBN0DataListAux: AuxData!$V$2:$V$106
Name DBN0LabelListAux: AuxData!$V$1
Name DescriptionLabelGlossarySheet: '2. Glossary'!$D$4
Name DimensionEntityAttributesDescriptionLabelDimensionsSheet: '4. Dimensions & Entities'!$H$4
Name DimensionEntityAttributesLabelDimensionsSheet: '4. Dimensions & Entities'!$F$4
Name DimensionEntityDescriptionLabelDimensionsSheet: '4. Dimensions & Entities'!$E$4
Name DimensionEntityLabelDimensionsSheet: '4. Dimensions & Entities'!$C$4
Name DimensionsByClassListAux: AuxData!$AE$1
Name DimensionsDataListAux: AuxData!$Z$2:$Z$12
Name DimensionsLabelBusMatrix: '4. BUS Matrix'!$H$4
Name DimensionsLabelDimensions: '4. Dimensions & Entities'!$B$4
Name DimensionsList: '4. BUS Matrix'!$J$4:$U$4
Name DimensionsListLabelAux: AuxData!$Z$1
Name DimensionsTypeOptionsList: AuxData!$S$2:$S$3

Sheet 0. Info Pack
B2: 0. Info Pack
B4: Information
B5: Name
B6: Objective
B7: KPI/KQI
B11: Version History
B12: Version | D12: Date | E12: Responsible | F12: Comments
B13: 1.0 | C13: Edition:
C14: Revision:
C15: Approval:
C16: Edition:
C17: Revision:
C18: Approval:
C19: Edition:
C20: Revision:
C21: Approval:
C22: Edition:
C23: Revision:
C24: Approval:

Sheet 1. Help Pack
B2: 1. Help Pack
B4: General Information
C6: Criação de nova linha
C7: A criação de uma nova linha deve ser sempre realizada com base na cópia de uma linha já existente.
C9: Células com valores prédefinidos
C10: Algumas células apenas permitem a inserção de valores prédefinidos com base no Altaia ou com base na informação já existente no ficheiro. Caso tente colocar um valor que não conste na lista, será apresentada uma mensagem de erro.
C12: Células preenchidas automaticamente
C13: Algumas células são preenchidas automaticamente com base em informação já existente no ficheiro. Estas células são assinaladas com uma cor de fundo diferente (ver lengenda).
C15: Legenda de cores
D17: Dados apenas necessários na fase de definição do modelo físico
D18: Dados preenchidos automaticamente com base na informação já inserida noutra sheet
B22: ='0. Info Pack'!$B$2 -> 0. Info Pack
C24: Description
C27: Column Name | D27: Column Description | E27: ???
C28: ='0. Info Pack'!B5 -> Name
C29: ='0. Info Pack'!B6 -> Objective
C30: ='0. Info Pack'!B7 -> KPI/KQI
C31: ='0. Info Pack'!B12 -> Version
C32: ='0. Info Pack'!D12 -> Date
C33: ='0. Info Pack'!E12 -> Responsible
C34: ='0. Info Pack'!F12 -> Comments
B36: ='2. Glossary'!$B$2 -> 2. Glossary
C38: Description
C41: Column Name | D41: Column Description | E41: ???
C42: ='2. Glossary'!$B$4 -> Type
C43: ='2. Glossary'!$C$4 -> Name
C44: ='2. Glossary'!$D$4 -> Description
B46: ='3. Data Sources'!$B$2 -> 3. Data Sources
C48: Description
C51: Column Name | D51: Column Description | E51: ???
C52: =SourcesLabelDataSource -> Inventory Name
C53: ='3. Data Sources'!$D$4 -> Schema
C54: ='3. Data Sources'!$G$4 -> Tech
C55: ='3. Data Sources'!$K$4 -> Description
C56: ='3. Data Sources'!$L$4 -> Type
C57: ='3. Data Sources'!$M$4 -> Method
C58: ='3. Data Sources'!$N$4 -> Period
C59: ='3. Data Sources'!$O$4 -> Delay
C60: ='3. Data Sources'!$P$4 -> Vendor
C61: ='3. Data Sources'!$Q$4 -> Technology/Version
C62: ='3. Data Sources'!$S$4 -> Table Group
B64: ='3. Data Sources Attr & Count'!$B$2 -> 3. Data Source Attributes & Counters
C66: Description
C69: Column Name | D69: Column Description | E69: ???
C70: ='3. Data Sources Attr & Count'!$B$4 -> Source Name
C71: ='3. Data Sources Attr & Count'!$C$4 -> Attribute/Counter Name
C72: ='3. Data Sources Attr & Count'!$D$4 -> Attribute/Counter Physical Name
C73: ='3. Data Sources Attr & Count'!$E$4 -> Data Type
C74: ='3. Data Sources Attr & Count'!$F$4 -> Mediation Type
C75: ='3. Data Sources Attr & Count'!$G$4 -> Metrics Attribute Type
C76: ='3. Data Sources Attr & Count'!$L$4 -> Description
B78: ='3. Data Sources Map'!$B$2 -> 3. Data Sources Map
C80: Description
C83: Column Name | D83: Column Description | E83: ???
C84: ='3. Data Sources Map'!$B$4 -> Enrichment Table Name
C85: ='3. Data Sources Map'!$C$4 -> Enrichment Attribute Name
C86: ='3. Data Sources Map'!$E$4 -> DBNO Table Name
C87: ='3. Data Sources Map'!$F$4 -> DBN0 Attribute Name
C88: ='3. Data Sources Map'!$H$4 -> Metrics Join Type
B90: ='4. Hierarchy'!$B$2 -> 4. Hierarchy
C92: Description
C95: Column Name | D95: Column Description | E95: ???
C96: Class
B98: ='4. BUS Matrix'!$B$2 -> 4. BUS Matrix
C100: Description
C103: Column Name | D103: Column Description | E103: ???
C104: =ClassesLabelBusMatrix -> Class Name
C105: =DimensionsLabelBusMatrix -> Dimensions
C106: ='4. BUS Matrix'!$D$4 -> Class Physical Name
B108: ='4. Dimensions & Entities'!$B$2 -> 4. Dimensions & Entities
C110: Description
C113: Column Name | D113: Column Description | E113: ???
C114: =DimensionsLabelDimensions -> Dimension/Entity
C115: ='4. Dimensions & Entities'!$C$4 -> Dimension/Entity Name
C116: ='4. Dimensions & Entities'!$D$4 -> Dimension/Entity Physical Name
C117: ='4. Dimensions & Entities'!$E$4 -> Dimension Description
C118: ='4. Dimensions & Entities'!$F$4 -> Attribute Name
C119: ='4. Dimensions & Entities'!$G$4 -> Attribute Physical Name
C120: ='4. Dimensions & Entities'!$H$4 -> Attribute Description
C121: ='4. Dimensions & Entities'!$I$4 -> Data Type
C122: ='4. Dimensions & Entities'!$J$4 -> Source Name
C123: ='4. Dimensions & Entities'!$L$4 -> Source Attribute Physical Name
B125: ='5. Metrics'!$B$2 -> 5. Metrics
C127: Description
C130: Column Name | D130: Column Description | E130: ???
C131: =ClassesLabelMetricsSheet -> Class Name
C132: =MetricsLabelMetricsSheet -> Metric Name
C133: ='5. Metrics'!$F$4 -> Metric Physical Name
C134: ='5. Metrics'!$G$4 -> Description
C135: ='5. Metrics'!$H$4 -> Logical Formula 1
C136: ='5. Metrics'!$I$4 -> Logical Formula 2
C137: ='5. Metrics'!$J$4 -> Logical Formula 3
C138: ='5. Metrics'!$K$4 -> Physical Formula
C139: ='5. Metrics'!$M$4 -> Type
C140: ='5. Metrics'!$N$4 -> Family
C141: ='5. Metrics'!$O$4 -> Period
C142: ='5. Metrics'!$P$4 -> Unit
C143: ='5. Metrics'!$Q$4 -> Temporal Aggregation
C144: ='5. Metrics'!$R$4 -> Spatio Aggregation
C145: =TemporalConsolidationLabelMetricsSheet -> Function Temporal Consolidation
...

Sheet 2. Glossary
B2: 2. Glossary
B4: Type | C4: Name | D4: Description
B5: Source | C5: ENR_RADIO_5G_CELLS
B6: Source | C6: ENR_RADIO_4G5G_HUA_IPPATH | D6: Usar as tabelas já disponiveis no 4G
B7: Source | C7: ENR_RADIO_4G5G_HUA_SCTP | D7: Usar as tabelas já disponiveis no 4G
B8: Source | C8: ENR_RADIO_5G_GNODEB
B9: Source | C9: ENR_OPERATORS
B10: Source | C10: ENR_RADIO_5G_SNSSAI
B11: Source | C11: V_ENR_RADIO_4G_CELLS | D11: View sobre a tabela de celulas 4G para identificação de célula vizinha.
B12: Source | C12: V_ENR_RADIO_5G_CELLS | D12: View sobre a tabela de celulas 5G para identificação de célula vizinha.
B13: Source | C13: T1526726682_5G | D13: GTP-U Measurement
B14: Source | C14: T1542455297_5G | D14: Ethernet Port Measurement
B15: Source | C15: T1542455302_5G
B16: Source | C16: T1542455309_5G | D16: OMCH Measurement
B17: Source | C17: T1542455817_5G | D17: SCTP Link Measurement
B18: Source | C18: T1542455821_5G | D18: Ethernet Delay Measurement
B19: Source | C19: T1542455822_5G | D19: Ethernet Loss Measurement
B20: Source | C20: T1593835529_5G | D20: Node Equipment Measurement
B21: Source | C21: T1593835531_5G | D21: BBU Board Load Measurement
B22: Source | C22: T1593835533_5G | D22: Base Station Clock DA Measurement
B23: Source | C23: T1911816242 | D23: PDCP Measurement
B24: Source | C24: T1911816243 | D24: Cell User Quantity Measurement
B25: Source | C25: T1911816244 | D25: NR DU Cell Scheduled User Quantity Measurement
B26: Source | C26: T1911816247 | D26: Throughput and Data Volume Measurement
B27: Source | C27: T1911816249 | D27: PRB Measurement
... B86: Source | C86: T1914437655_5QI1 | D86: DU Cell Network Slice 5QI RLC Measurement
B87: Source | C87: T1914438708_5QI1
B88: Source | C88: T1911816416_5QI5 | D88: Cell 5QI PDCP Measurement
B89: Source | C89: T1911816418_5QI5 | D89: 5QI QoS Flow Setup Measurement
B90: Source | C90: T1911816419_5QI5 | D90: 5QI QoS Flow Release Measurement
B91: Source | C91: T1911816422_5QI5 | D91: DU Cell 5QI Traffic Measurement
B92: Source | C92: T1911816852_5QI5 | D92: Cell Operator 5QI PDCP Measurement
B93: Source | C93: T1911816853_5QI5 | D93: DU Cell Operator 5QI Traffic Measurement
B94: Source | C94: T1911816856_5QI5 | D94: 5QI QoS Flow Measurement per Operator
B95: Source | C95: T1911817157_5QI5 | D95: 5QI-based Outgoing Intra-RAT Handover Measurement
B96: Source | C96: T1911817158_5QI5 | D96: 5QI-based Outgoing Intra-RAT Handover Measurement per Operator
B97: Source | C97: T1914437654_5QI5 | D97: DU Cell Network Slice 5QI-specific Service Quality Measurement
B98: Source | C98: T1914437655_5QI5 | D98: DU Cell Network Slice 5QI RLC Measurement
B99: Source | C99: T1914438708_5QI5
B100: Source | C100: T1911816416_5QI9 | D100: Cell 5QI PDCP Measurement
B101: Source | C101: T1911816418_5QI9 | D101: 5QI QoS Flow Setup Measurement
B102: Source | C102: T1911816419_5QI9 | D102: 5QI QoS Flow Release Measurement
B103: Source | C103: T1911816422_5QI9 | D103: DU Cell 5QI Traffic Measurement
B104: Source | C104: T1911816852_5QI9 | D104: Cell Operator 5QI PDCP Measurement
B105: Source | C105: T1911816853_5QI9 | D105: DU Cell Operator 5QI Traffic Measurement
B106: Source | C106: T1911816856_5QI9 | D106: 5QI QoS Flow Measurement per Operator
B107: Source | C107: T1911817157_5QI9 | D107: 5QI-based Outgoing Intra-RAT Handover Measurement
B108: Source | C108: T1911817158_5QI9 | D108: 5QI-based Outgoing Intra-RAT Handover Measurement per Operator
B109: Source | C109: T1914437654_5QI9 | D109: DU Cell Network Slice 5QI-specific Service Quality Measurement
B110: Source | C110: T1914437655_5QI9 | D110: DU Cell Network Slice 5QI RLC Measurement
B111: Source | C111: T1914438708_5QI9
B112: Source | C112: T1911816271_CQI1 | D112: QCI Throughput Measurement
B113: Source | C113: T1911817261_CQI1 | D113: DC Cell QCI Measurement
B114: Source | C114: T1911816271_CQI5 | D114: QCI Throughput Measurement
B115: Source | C115: T1911817261_CQI5 | D115: DC Cell QCI Measurement
B116: Source | C116: T1911816271_CQI9 | D116: QCI Throughput Measurement
B117: Source | C117: T1911817261_CQI9 | D117: DC Cell QCI Measurement
B118: Source attribute | C118: CELL_NAME
B119: Source attribute | C119: INVCELL
B120: Source attribute | C120: SETOR_FISICO
B121: Source attribute | C121: SIGLA_LOGICA
B122: Source attribute | C122: MOBILE_SITE_NAME
B123: Source attribute | C123: ERB_FISICA
B124: Source attribute | C124: AZIMUTH
B125: Source attribute | C125: BEAMWIDTH
B126: Source attribute | C126: CELL_BAND
B127: Source attribute | C127: CELL_ID
B128: Source attribute | C128: CELL_TYPE
B129: Source attribute | C129: CELL_NRARFCN
... B199: Source attribute | C199: PLMN
B200: Source attribute | C200: BOARD_TYPE | D200: BoardType
B201: Source attribute | C201: CABINET_NO | D201: CabinetNo
B202: Source attribute | C202: ELEMENTTYPE | D202: Element Type
B203: Source attribute | C203: END_TIME | D203: End Date and time for the PM record (YYYY-MM-DD HH:MM:SS)
B204: Source attribute | C204: Object | D204: Object
B205: Source attribute | C205: SN | D205: SlotNo
B206: Source attribute | C206: SRN | D206: SubrackNo
B207: Source attribute | C207: USERLABEL | D207: User Label
B208: Source attribute | C208: VS.Gtpu.RxBytes
B209: Source attribute | C209: VS.Gtpu.TxBytes
B210: Source attribute | C210: VS.Gtpu.RxPkts
B211: Source attribute | C211: VS.Gtpu.TxPkts
B212: Source attribute | C212: VS.Gtpu.RxDropBytes
B213: Source attribute | C213: VS.Gtpu.RxDropPkts
B214: Source attribute | C214: granularityPeriod | D214: Interval when PM data is collected (60 min24 hours)
B215: Source attribute | C215: MEASUREDOBJECTID | D215: ID Object Name
B216: Source attribute | C216: RESULTTIME | D216: Date and time for the PM record (YYYY-MM-DD HH:MM:SS)
B217: Source attribute | C217: DST
B218: Source attribute | C218: PLMN
B219: Source attribute | C219: CabinetNo | D219: CabinetNo
B220: Source attribute | C220: ELEMENTTYPE | D220: Element Type
B221: Source attribute | C221: END_TIME | D221: End Date and time for the PM record (YYYY-MM-DD HH:MM:SS)
B222: Source attribute | C222: Object | D222: Object
B223: Source attribute | C223: PORTNO | D223: PortNo
B224: Source attribute | C224: SLOTNO | D224: SlotNo
B225: Source attribute | C225: SubboardType | D225: SubboardType
B226: Source attribute | C226: SUBRACKNO | D226: SubrackNo
B227: Source attribute | C227: USERLABEL | D227: User Label
B228: Source attribute | C228: VS.FEGE.TxBytes
B229: Source attribute | C229: VS.FEGE.TxPackets
...

Sheet 3. Data Sources
B2: 3. Data Sources
B4: Inventory Name | C4: Table Name | D4: Schema | E4: Table Visible in Metrics | F4: Table Visible in AdHoc | G4: Tech | H4: Change | I4: Filter | J4: Hierarchy | K4: Description | L4: Type | M4: Method | N4: Period | O4: Delay | P4: Vendor | Q4: Technology/Version | R4: Tecnologia/Grupo de Contadores | S4: Table Group
B5: ENR_RADIO_5G_CELLS | C5: ENR_RADIO_5G_CELLS | D5: DBN0_EXT_ENRICH | E5: N | F5: =IF(E5="Y","Y","") | L5: Enrichment Table | M5: Automático | N5: 1 Day | O5: 2 Hours | R5: SRAN/RAN | S5: Tabelas_HUA_R5G
B6: ENR_RADIO_4G5G_HUA_IPPATH | C6: ENR_RADIO_4G5G_HUA_IPPATH | D6: DBN0_EXT_ENRICH | E6: N | F6: =IF(E6="Y","Y","") | K6: Usar as tabelas já disponiveis no 4G | L6: Enrichment Table | M6: Automático | N6: 1 Day | O6: 2 Hours | R6: SRAN/RAN | S6: Tabelas_HUA_R5G
B7: ENR_RADIO_4G5G_HUA_SCTP | C7: ENR_RADIO_4G5G_HUA_SCTP | D7: DBN0_EXT_ENRICH | E7: N | F7: =IF(E7="Y","Y","") | K7: Usar as tabelas já disponiveis no 4G | L7: Enrichment Table | M7: Automático | N7: 1 Day | O7: 2 Hours | R7: SRAN/RAN | S7: Tabelas_HUA_R5G
B8: ENR_RADIO_5G_GNODEB | C8: ENR_RADIO_5G_GNODEB | D8: DBN0_EXT_ENRICH | E8: N | F8: =IF(E8="Y","Y","") | L8: Enrichment Table | M8: Automático | N8: 1 Day | O8: 2 Hours | R8: SRAN/RAN | S8: Tabelas_HUA_R5G
B9: ENR_OPERATORS | C9: ENR_OPERATORS | D9: DBN0_EXT_ENRICH | E9: N | F9: =IF(E9="Y","Y","") | L9: Enrichment Table | M9: Automático | N9: 1 Day | O9: 2 Hours | R9: SRAN/RAN | S9: Tabelas_HUA_R5G
B10: ENR_RADIO_5G_SNSSAI | C10: ENR_RADIO_5G_SNSSAI | D10: DBN0_EXT_ENRICH | E10: N | L10: Enrichment Table | M10: Automático | N10: 1 Day | O10: 2 Hours | R10: SRAN/RAN | S10: Tabelas_HUA_R5G
B11: V_ENR_RADIO_4G_CELLS | C11: ENR_RADIO_CELLS_4G | D11: DBN0_EXT_ENRICH | E11: N | F11: =IF(E11="Y","Y","") | K11: View sobre a tabela de celulas 4G para identificação de célula vizinha. | L11: Enrichment Table | M11: Automático | N11: 1 Day | O11: 2 Hours | R11: SRAN/RAN | S11: Tabelas_HUA_R5G
B12: V_ENR_RADIO_5G_CELLS | C12: ENR_RADIO_5G_CELLS | D12: DBN0_EXT_ENRICH | E12: N | F12: =IF(E12="Y","Y","") | K12: View sobre a tabela de celulas 5G para identificação de célula vizinha. | L12: Enrichment Table | M12: Automático | N12: 1 Day | O12: 2 Hours | R12: SRAN/RAN | S12: Tabelas_HUA_R5G
B13: T1526726682_5G | C13: T1526726682 | D13: DBN0_HUA_RAN | E13: Y | F13: =IF(E13="Y","Y","") -> Y | G13: R4G5G | K13: GTP-U Measurement | L13: DBN0 Table | M13: Ficheiro XML | N13: 15 Minutes | O13: 1 Hour | P13: Huawei | Q13: 20.1 | R13: SRAN/RAN | S13: Tabelas_HUA_R5G
B14: T1542455297_5G | C14: T1542455297 | D14: DBN0_HUA_RAN | E14: Y | F14: =IF(E14="Y","Y","") -> Y | G14: R2G3G4G5G | K14: Ethernet Port Measurement | L14: DBN0 Table | M14: Ficheiro XML | N14: 15 Minutes | O14: 1 Hour | P14: Huawei | Q14: 20.1 | R14: SRAN/RAN | S14: Tabelas_HUA_R5G
B15: T1542455302_5G | C15: T1542455302 | D15: DBN0_HUA_RAN | E15: Y | F15: =IF(E15="Y","Y","") -> Y | L15: DBN0 Table | M15: Ficheiro XML | N15: 15 Minutes | O15: 1 Hour | P15: Huawei | Q15: 20.1 | R15: SRAN/RAN | S15: Tabelas_HUA_R5G
B16: T1542455309_5G | C16: T1542455309 | D16: DBN0_HUA_RAN | E16: Y | F16: =IF(E16="Y","Y","") -> Y | G16: R2G3G4G5G | K16: OMCH Measurement | L16: DBN0 Table | M16: Ficheiro XML | N16: 15 Minutes | O16: 1 Hour | P16: Huawei | Q16: 20.1 | R16: SRAN/RAN | S16: Tabelas_HUA_R5G
B17: T1542455817_5G | C17: T1542455817 | D17: DBN0_HUA_RAN | E17: Y | F17: =IF(E17="Y","Y","") -> Y | G17: R2G3G4G5G | K17: SCTP Link Measurement | L17: DBN0 Table | M17: Ficheiro XML | N17: 15 Minutes | O17: 1 Hour | P17: Huawei | Q17: 20.1 | R17: SRAN/RAN | S17: Tabelas_HUA_R5G
B18: T1542455821_5G | C18: T1542455821 | D18: DBN0_HUA_RAN | E18: Y | F18: =IF(E18="Y","Y","") -> Y | G18: R2G3G4G5G | K18: Ethernet Delay Measurement | L18: DBN0 Table | M18: Ficheiro XML | N18: 15 Minutes | O18: 1 Hour | P18: Huawei | Q18: 20.1 | R18: SRAN/RAN | S18: Tabelas_HUA_R5G
B19: T1542455822_5G | C19: T1542455822 | D19: DBN0_HUA_RAN | E19: Y | F19: =IF(E19="Y","Y","") -> Y | G19: R2G3G4G5G | K19: Ethernet Loss Measurement | L19: DBN0 Table | M19: Ficheiro XML | N19: 15 Minutes | O19: 1 Hour | P19: Huawei | Q19: 20.1 | R19: SRAN/RAN | S19: Tabelas_HUA_R5G
B20: T1593835529_5G | C20: T1593835529 | D20: DBN0_HUA_RAN | E20: Y | F20: =IF(E20="Y","Y","") -> Y | G20: R2G3G4G5G | K20: Node Equipment Measurement | L20: DBN0 Table | M20: Ficheiro XML | N20: 15 Minutes | O20: 1 Hour | P20: Huawei | Q20: 20.1 | R20: SRAN/RAN | S20: Tabelas_HUA_R5G
B21: T1593835531_5G | C21: T1593835531 | D21: DBN0_HUA_RAN | E21: Y | F21: =IF(E21="Y","Y","") -> Y | G21: R2G3G4G5G | K21: BBU Board Load Measurement | L21: DBN0 Table | M21: Ficheiro XML | N21: 15 Minutes | O21: 1 Hour | P21: Huawei | Q21: 20.1 | R21: SRAN/RAN | S21: Tabelas_HUA_R5G
B22: T1593835533_5G | C22: T1593835533 | D22: DBN0_HUA_RAN | E22: Y | F22: =IF(E22="Y","Y","") -> Y | G22: R2G3G4G5G | K22: Base Station Clock DA Measurement | L22: DBN0 Table | M22: Ficheiro XML | N22: 15 Minutes | O22: 1 Hour | P22: Huawei | Q22: 20.1 | R22: SRAN/RAN | S22: Tabelas_HUA_R5G
B23: T1911816242 | C23: T1911816242 | D23: DBN0_HUA_RAN | E23: Y | F23: =IF(E23="Y","Y","") -> Y | G23: R5G | H23: New Counters /Attributes | K23: PDCP Measurement | L23: DBN0 Table | M23: Ficheiro XML | N23: 15 Minutes | O23: 1 Hour | P23: Huawei | Q23: 20.1 | R23: SRAN/RAN | S23: Tabelas_HUA_R5G
B24: T1911816243 | C24: T1911816243 | D24: DBN0_HUA_RAN | E24: Y | F24: =IF(E24="Y","Y","") -> Y | G24: R5G | H24: New Counters /Attributes | K24: Cell User Quantity Measurement | L24: DBN0 Table | M24: Ficheiro XML | N24: 15 Minutes | O24: 1 Hour | P24: Huawei | Q24: 20.1 | R24: SRAN/RAN | S24: Tabelas_HUA_R5G
B25: T1911816244 | C25: T1911816244 | D25: DBN0_HUA_RAN | E25: Y | F25: =IF(E25="Y","Y","") -> Y | G25: R5G | H25: New Counters /Attributes | K25: NR DU Cell Scheduled User Quantity Measurement | L25: DBN0 Table | M25: Ficheiro XML | N25: 15 Minutes | O25: 1 Hour | P25: Huawei | Q25: 20.1 | R25: SRAN/RAN | S25: Tabelas_HUA_R5G
B26: T1911816247 | C26: T1911816247 | D26: DBN0_HUA_RAN | E26: Y | F26: =IF(E26="Y","Y","") -> Y | G26: R5G | H26: New Counters /Attributes | K26: Throughput and Data Volume Measurement | L26: DBN0 Table | M26: Ficheiro XML | N26: 15 Minutes | O26: 1 Hour | P26: Huawei | Q26: 20.1 | R26: SRAN/RAN | S26: Tabelas_HUA_R5G
B27: T1911816249 | C27: T1911816249 | D27: DBN0_HUA_RAN | E27: Y | F27: =IF(E27="Y","Y","") -> Y | G27: R5G | H27: New Counters /Attributes | K27: PRB Measurement | L27: DBN0 Table | M27: Ficheiro XML | N27: 15 Minutes | O27: 1 Hour | P27: Huawei | Q27: 20.1 | R27: SRAN/RAN | S27: Tabelas_HUA_R5G
B28: T1911816251 | C28: T1911816251 | D28: DBN0_HUA_RAN | E28: Y | F28: =IF(E28="Y","Y","") -> Y | G28: R5G | H28: New Counters /Attributes | K28: MAC Measurement | L28: DBN0 Table | M28: Ficheiro XML | N28: 15 Minutes | O28: 1 Hour | P28: Huawei | Q28: 20.1 | R28: SRAN/RAN | S28: Tabelas_HUA_R5G
B29: T1911816252 | C29: T1911816252 | D29: DBN0_HUA_RAN | E29: Y | F29: =IF(E29="Y","Y","") -> Y | G29: R5G | K29: MCS Measurement | L29: DBN0 Table | M29: Ficheiro XML | N29: 15 Minutes | O29: 1 Hour | P29: Huawei | Q29: 20.1 | R29: SRAN/RAN | S29: Tabelas_HUA_R5G
B30: T1911816253 | C30: T1911816253 | D30: DBN0_HUA_RAN | E30: Y | F30: =IF(E30="Y","Y","") -> Y | G30: R5G | K30: CQI Measurement | L30: DBN0 Table | M30: Ficheiro XML | N30: 15 Minutes | O30: 1 Hour | P30: Huawei | Q30: 20.1 | R30: SRAN/RAN | S30: Tabelas_HUA_R5G
B31: T1911816254 | C31: T1911816254 | D31: DBN0_HUA_RAN | E31: Y | F31: =IF(E31="Y","Y","") -> Y | G31: R5G | K31: Channel Quality Measurement | L31: DBN0 Table | M31: Ficheiro XML | N31: 15 Minutes | O31: 1 Hour | P31: Huawei | Q31: 20.1 | R31: SRAN/RAN | S31: Tabelas_HUA_R5G
B32: T1911816255 | C32: T1911816255 | D32: DBN0_HUA_RAN | E32: Y | F32: =IF(E32="Y","Y","") -> Y | G32: R5G | H32: New Counters /Attributes | K32: Random Access Measurement | L32: DBN0 Table | M32: Ficheiro XML | N32: 15 Minutes | O32: 1 Hour | P32: Huawei | Q32: 20.1 | R32: SRAN/RAN | S32: Tabelas_HUA_R5G
B33: T1911816256 | C33: T1911816256 | D33: DBN0_HUA_RAN | E33: Y | F33: =IF(E33="Y","Y","") -> Y | G33: R5G | H33: New Counters /Attributes | K33: DC Measurement | L33: DBN0 Table | M33: Ficheiro XML | N33: 15 Minutes | O33: 1 Hour | P33: Huawei | Q33: 20.1 | R33: SRAN/RAN | S33: Tabelas_HUA_R5G
B34: T1911816259 | C34: T1911816259 | D34: DBN0_HUA_RAN | E34: Y | F34: =IF(E34="Y","Y","") -> Y | G34: R5G | H34: New Counters /Attributes | K34: DU Cell Algorithm Measurement | L34: DBN0 Table | M34: Ficheiro XML | N34: 15 Minutes | O34: 1 Hour | P34: Huawei | Q34: 20.1 | R34: SRAN/RAN | S34: Tabelas_HUA_R5G
B35: T1911816261 | C35: T1911816261 | D35: DBN0_HUA_RAN | E35: Y | F35: =IF(E35="Y","Y","") -> Y | G35: R5G | H35: New Counters /Attributes | K35: Cell Algorithm Measurement | L35: DBN0 Table | M35: Ficheiro XML | N35: 15 Minutes | O35: 1 Hour | P35: Huawei | Q35: 20.1 | R35: SRAN/RAN | S35: Tabelas_HUA_R5G
B36: T1911816264 | C36: T1911816264 | D36: DBN0_HUA_RAN | E36: Y | F36: =IF(E36="Y","Y","") -> Y | G36: R5G | K36: Cell CA Measurement | L36: DBN0 Table | M36: Ficheiro XML | N36: 15 Minutes | O36: 1 Hour | P36: Huawei | Q36: 20.1 | R36: SRAN/RAN | S36: Tabelas_HUA_R5G
B37: T1911816265 | C37: T1911816265 | D37: DBN0_HUA_RAN | E37: Y | F37: =IF(E37="Y","Y","") -> Y | G37: R5G | K37: MIMO Channel Measurement | L37: DBN0 Table | M37: Ficheiro XML | N37: 15 Minutes | O37: 1 Hour | P37: Huawei | Q37: 20.1 | R37: SRAN/RAN | S37: Tabelas_HUA_R5G
B38: T1911816267 | C38: T1911816267 | D38: DBN0_HUA_RAN | E38: Y | F38: =IF(E38="Y","Y","") -> Y | G38: R5G | K38: gNodeB Board User-Plane CPU Measurement | L38: DBN0 Table | M38: Ficheiro XML | N38: 15 Minutes | O38: 1 Hour | P38: Huawei | Q38: 20.1 | R38: SRAN/RAN | S38: Tabelas_HUA_R5G
B39: T1911816269 | C39: T1911816269 | D39: DBN0_HUA_RAN | E39: Y | F39: =IF(E39="Y","Y","") -> Y | G39: R5G | H39: New Counters /Attributes | K39: DU Cell CA Measurement | L39: DBN0 Table | M39: Ficheiro XML | N39: 15 Minutes | O39: 1 Hour | P39: Huawei | Q39: 20.1 | R39: SRAN/RAN | S39: Tabelas_HUA_R5G
B40: T1911816273 | C40: T1911816273 | D40: DBN0_HUA_RAN | E40: Y | F40: =IF(E40="Y","Y","") -> Y | G40: R5G | H40: New Counters /Attributes | K40: Outgoing Intra-RAT Handover Measurement | L40: DBN0 Table | M40: Ficheiro XML | N40: 15 Minutes | O40: 1 Hour | P40: Huawei | Q40: 20.1 | R40: SRAN/RAN | S40: Tabelas_HUA_R5G
B41: T1911816274 | C41: T1911816274 | D41: DBN0_HUA_RAN | E41: Y | F41: =IF(E41="Y","Y","") -> Y | G41: R5G | K41: Cell Service Quality Measurement | L41: DBN0 Table | M41: Ficheiro XML | N41: 15 Minutes | O41: 1 Hour | P41: Huawei | Q41: 20.1 | R41: SRAN/RAN | S41: Tabelas_HUA_R5G
B42: T1911816277 | C42: T1911816277 | D42: DBN0_HUA_RAN | E42: Y | F42: =IF(E42="Y","Y","") -> Y | G42: R5G | H42: New Counters /Attributes | K42: QoS Flow Setup Measurement | L42: DBN0 Table | M42: Ficheiro XML | N42: 15 Minutes | O42: 1 Hour | P42: Huawei | Q42: 20.1 | R42: SRAN/RAN | S42: Tabelas_HUA_R5G
B43: T1911816281 | C43: T1911816281 | D43: DBN0_HUA_RAN | E43: Y | F43: =IF(E43="Y","Y","") -> Y | G43: R5G | H43: New Counters /Attributes | K43: RRC Setup Failure Measurement | L43: DBN0 Table | M43: Ficheiro XML | N43: 15 Minutes | O43: 1 Hour | P43: Huawei | Q43: 20.1 | R43: SRAN/RAN | S43: Tabelas_HUA_R5G
B44: T1911816285 | C44: T1911816285 | D44: DBN0_HUA_RAN | E44: Y | F44: =IF(E44="Y","Y","") -> Y | G44: R5G | K44: UE Context Setup Measurement | L44: DBN0 Table | M44: Ficheiro XML | N44: 15 Minutes | O44: 1 Hour | P44: Huawei | Q44: 20.1 | R44: SRAN/RAN | S44: Tabelas_HUA_R5G
B45: T1911816286 | C45: T1911816286 | D45: DBN0_HUA_RAN | E45: Y | F45: =IF(E45="Y","Y","") -> Y | G45: R5G | K45: RRC Setup Measurement | L45: DBN0 Table | M45: Ficheiro XML | N45: 15 Minutes | O45: 1 Hour | P45: Huawei | Q45: 20.1 | R45: SRAN/RAN | S45: Tabelas_HUA_R5G
B46: T1911816287 | C46: T1911816287 | D46: DBN0_HUA_RAN | E46: Y | F46: =IF(E46="Y","Y","") -> Y | G46: R5G | H46: New Counters /Attributes | K46: QoS Flow Setup Failure Measurement | L46: DBN0 Table | M46: Ficheiro XML | N46: 15 Minutes | O46: 1 Hour | P46: Huawei | Q46: 20.1 | R46: SRAN/RAN | S46: Tabelas_HUA_R5G
B47: T1911816292 | C47: T1911816292 | D47: DBN0_HUA_RAN | E47: Y | F47: =IF(E47="Y","Y","") -> Y | G47: R5G | H47: New Counters /Attributes | K47: QoS Flow Release Measurement | L47: DBN0 Table | M47: Ficheiro XML | N47: 15 Minutes | O47: 1 Hour | P47: Huawei | Q47: 20.1 | R47: SRAN/RAN | S47: Tabelas_HUA_R5G
B48: T1911816293 | C48: T1911816293 | D48: DBN0_HUA_RAN | E48: Y | F48: =IF(E48="Y","Y","") -> Y | G48: R5G | K48: Intra-NR Inter-Cell Outgoing Handover Measurement | L48: DBN0 Table | M48: Ficheiro XML | N48: 15 Minutes | O48: 1 Hour | P48: Huawei | Q48: 20.1 | R48: SRAN/RAN | S48: Tabelas_HUA_R5G
B49: T1911816294 | C49: T1911816294 | D49: DBN0_HUA_RAN | E49: Y | F49: =IF(E49="Y","Y","") -> Y | G49: R5G | H49: New Counters /Attributes | K49: Operator RLC Traffic Measurement | L49: DBN0 Table | M49: Ficheiro XML | N49: 15 Minutes | O49: 1 Hour | P49: Huawei | Q49: 20.1 | R49: SRAN/RAN | S49: Tabelas_HUA_R5G
B50: T1911816295 | C50: T1911816295 | D50: DBN0_HUA_RAN | E50: Y | F50: =IF(E50="Y","Y","") -> Y | G50: R5G | H50: New Counters /Attributes | K50: Cell User Quantity Measurement per Operator | L50: DBN0 Table | M50: Ficheiro XML | N50: 15 Minutes | O50: 1 Hour | P50: Huawei | Q50: 20.1 | R50: SRAN/RAN | S50: Tabelas_HUA_R5G
B51: T1911816296 | C51: T1911816296 | D51: DBN0_HUA_RAN | E51: Y | F51: =IF(E51="Y","Y","") -> Y | G51: R5G | H51: New Counters /Attributes | K51: Outgoing Inter-RAT Handover Measurement | L51: DBN0 Table | M51: Ficheiro XML | N51: 15 Minutes | O51: 1 Hour | P51: Huawei | Q51: 20.1 | R51: SRAN/RAN | S51: Tabelas_HUA_R5G
B52: T1911816298 | C52: T1911816298 | D52: DBN0_HUA_RAN | E52: Y | F52: =IF(E52="Y","Y","") -> Y | G52: R5G | H52: New Counters /Attributes | K52: Inter-RAT Inter-Cell E-UTRAN Handover Measurement | L52: DBN0 Table | M52: Ficheiro XML | N52: 15 Minutes | O52: 1 Hour | P52: Huawei | Q52: 20.1 | R52: SRAN/RAN | S52: Tabelas_HUA_R5G
B53: T1911816413 | C53: T1911816413 | D53: DBN0_HUA_RAN | E53: Y | F53: =IF(E53="Y","Y","") -> Y | G53: R5G | H53: New Counters /Attributes | K53: Uplink Interference Measurement on PRB 0 to PRB 99 | L53: DBN0 Table | M53: Ficheiro XML | N53: 15 Minutes | O53: 1 Hour | P53: Huawei | Q53: 20.1 | R53: SRAN/RAN | S53: Tabelas_HUA_R5G
B54: T1911816414 | C54: T1911816414 | D54: DBN0_HUA_RAN | E54: Y | F54: =IF(E54="Y","Y","") -> Y | G54: R5G | H54: New Counters /Attributes | K54: Uplink Interference Measurement on PRB 200 to PRB 272 | L54: DBN0 Table | M54: Ficheiro XML | N54: 15 Minutes | O54: 1 Hour | P54: Huawei | Q54: 20.1 | R54: SRAN/RAN | S54: Tabelas_HUA_R5G
B55: T1911816415 | C55: T1911816415 | D55: DBN0_HUA_RAN | E55: Y | F55: =IF(E55="Y","Y","") -> Y | G55: R5G | H55: New Counters /Attributes | K55: Uplink Interference Measurement on PRB 100 to PRB 199 | L55: DBN0 Table | M55: Ficheiro XML | N55: 15 Minutes | O55: 1 Hour | P55: Huawei | Q55: 20.1 | R55: SRAN/RAN | S55: Tabelas_HUA_R5G
B56: T1911816626 | C56: T1911816626 | D56: DBN0_HUA_RAN | E56: Y | F56: =IF(E56="Y","Y","") -> Y | G56: R5G | H56: New Counters /Attributes | K56: RRC_INACTIVE Measurement | L56: DBN0 Table | M56: Ficheiro XML | N56: 15 Minutes | O56: 1 Hour | P56: Huawei | Q56: 20.1 | R56: SRAN/RAN | S56: Tabelas_HUA_R5G
B57: T1911816628 | C57: T1911816628 | D57: DBN0_HUA_RAN | E57: Y | F57: =IF(E57="Y","Y","") -> Y | G57: R5G | K57: DU Cell Operator PRB Measurement | L57: DBN0 Table | M57: Ficheiro XML | N57: 15 Minutes | O57: 1 Hour | P57: Huawei | Q57: 20.1 | R57: SRAN/RAN | S57: Tabelas_HUA_R5G
B58: T1911816630 | C58: T1911816630 | D58: DBN0_HUA_RAN | E58: Y | F58: =IF(E58="Y","Y","") -> Y | G58: R5G | H58: New Counters /Attributes | K58: DC Measurement per Operator | L58: DBN0 Table | M58: Ficheiro XML | N58: 15 Minutes | O58: 1 Hour | P58: Huawei | Q58: 20.1 | R58: SRAN/RAN | S58: Tabelas_HUA_R5G
B59: T1911816631 | C59: T1911816631 | D59: DBN0_HUA_RAN | E59: Y | F59: =IF(E59="Y","Y","") -> Y | G59: R5G | H59: New Counters /Attributes | K59: Outgoing Inter-RAT Handover Measurement per Operator | L59: DBN0 Table | M59: Ficheiro XML | N59: 15 Minutes | O59: 1 Hour | P59: Huawei | Q59: 20.1 | R59: SRAN/RAN | S59: Tabelas_HUA_R5G
B60: T1911816634 | C60: T1911816634 | D60: DBN0_HUA_RAN | E60: Y | F60: =IF(E60="Y","Y","") -> Y | G60: R5G | H60: New Counters /Attributes | K60: QoS Flow Measurement per Operator | L60: DBN0 Table | M60: Ficheiro XML | N60: 15 Minutes | O60: 1 Hour | P60: Huawei | Q60: 20.1 | R60: SRAN/RAN | S60: Tabelas_HUA_R5G
B61: T1911816636 | C61: T1911816636 | D61: DBN0_HUA_RAN | E61: Y | F61: =IF(E61="Y","Y","") -> Y | G61: R5G | H61: New Counters /Attributes | K61: Outgoing Intra-RAT Handover Measurement per Operator | L61: DBN0 Table | M61: Ficheiro XML | N61: 15 Minutes | O61: 1 Hour | P61: Huawei | Q61: 20.1 | R61: SRAN/RAN | S61: Tabelas_HUA_R5G
B62: T1911816742 | C62: T1911816742 | D62: DBN0_HUA_RAN | E62: Y | F62: =IF(E62="Y","Y","") -> Y | G62: R5G | H62: New | J62: ?/NRDUCell.Operator:gNodeB Function Name=?, NR DU Cell ID=?, Operator ID=? | K62: NR DU Cell Scheduled User Quantity Measurement per Operator | L62: DBN0 Table | M62: Ficheiro XML | N62: 15 Minutes | O62: 1 Hour | P62: Huawei | Q62: 20.1 | R62: SRAN/RAN | S62: Tabelas_HUA_R5G
B63: T1911816743 | C63: T1911816743 | D63: DBN0_HUA_RAN | E63: Y | F63: =IF(E63="Y","Y","") -> Y | G63: R5G | H63: New | J63: ?/NRCell.Operator:gNodeB Function Name=?, NR Cell ID=?, Operator ID=? | K63: PDCP Measurement per Operator | L63: DBN0 Table | M63: Ficheiro XML | N63: 15 Minutes | O63: 1 Hour | P63: Huawei | Q63: 20.1 | R63: SRAN/RAN | S63: Tabelas_HUA_R5G
B64: T1911816850 | C64: T1911816850 | D64: DBN0_HUA_RAN | E64: Y | F64: =IF(E64="Y","Y","") -> Y | G64: R5G | H64: New | J64: ?/NRCell.Operator:gNodeB Function Name=?, NR Cell ID=?, Operator ID=? | K64: Cell Operator Algorithm Measurement | L64: DBN0 Table | M64: Ficheiro XML | N64: 15 Minutes | O64: 1 Hour | P64: Huawei | Q64: 20.1 | R64: SRAN/RAN | S64: Tabelas_HUA_R5G
B65: T1911816855 | C65: T1911816855 | D65: DBN0_HUA_RAN | E65: Y | F65: =IF(E65="Y","Y","") -> Y | G65: R5G | H65: New | J65: ?/NRDUCell.Operator:gNodeB Function Name=?, NR DU Cell ID=?, Operator ID=? | K65: Cell Operator Service Quality Measurement | L65: DBN0 Table | M65: Ficheiro XML | N65: 15 Minutes | O65: 1 Hour | P65: Huawei | Q65: 20.1 | R65: SRAN/RAN | S65: Tabelas_HUA_R5G
B66: T1911816857 | C66: T1911816857 | D66: DBN0_HUA_RAN | E66: Y | F66: =IF(E66="Y","Y","") -> Y | G66: R5G | H66: New | J66: ?/NRDUCell.Operator:gNodeB Function Name=?, NR DU Cell ID=?, Operator ID=? | K66: Cell MAC Traffic Measurement per Operator | L66: DBN0 Table | M66: Ficheiro XML | N66: 15 Minutes | O66: 1 Hour | P66: Huawei | Q66: 20.1 | R66: SRAN/RAN | S66: Tabelas_HUA_R5G
B67: T1914437646 | C67: T1914437646 | D67: DBN0_HUA_RAN | E67: Y | F67: =IF(E67="Y","Y","") -> Y | G67: R5G | H67: New | J67: ?/NRCell.Ns:gNodeB Function Name=?, NR Cell ID=?, Operator ID=?, Slice Service Type=?, Slice Differentiator=? | K67: Intra-Cell Network Slice User Number Measurement | L67: DBN0 Table | M67: Ficheiro XML | N67: 15 Minutes | O67: 1 Hour | P67: Huawei | Q67: 20.1 | R67: SRAN/RAN | S67: Tabelas_HUA_R5G
B68: T1914437647 | C68: T1914437647 | D68: DBN0_HUA_RAN | E68: Y | F68: =IF(E68="Y","Y","") -> Y | G68: R5G | H68: New | J68: ?/NRDUCell.Ns:gNodeB Function Name=?, NR DU Cell ID=?, Operator ID=?, Slice Service Type=?, Slice Differentiator=? | K68: Intra-DU Cell Network Slice RLC Measurement | L68: DBN0 Table | M68: Ficheiro XML | N68: 15 Minutes | O68: 1 Hour | P68: Huawei | Q68: 20.1 | R68: SRAN/RAN | S68: Tabelas_HUA_R5G
B69: T1914437648 | C69: T1914437648 | D69: DBN0_HUA_RAN | E69: Y | F69: =IF(E69="Y","Y","") -> Y | G69: R5G | H69: New | J69: ?/NRCell.Ns:gNodeB Function Name=?, NR Cell ID=?, Operator ID=?, Slice Service Type=?, Slice Differentiator=? | K69: Cell Network Slice PDCP Measurement | L69: DBN0 Table | M69: Ficheiro XML | N69: 15 Minutes | O69: 1 Hour | P69: Huawei | Q69: 20.1 | R69: SRAN/RAN | S69: Tabelas_HUA_R5G
B70: T1914437649 | C70: T1914437649 | D70: DBN0_HUA_RAN | E70: Y | F70: =IF(E70="Y","Y","") -> Y | G70: R5G | H70: New | J70: ?/NRCell.Ns:gNodeB Function Name=?, NR Cell ID=?, Operator ID=?, Slice Service Type=?, Slice Differentiator=? | K70: Cell Network Slice QoS Flow Measurement | L70: DBN0 Table | M70: Ficheiro XML | N70: 15 Minutes | O70: 1 Hour | P70: Huawei | Q70: 20.1 | R70: SRAN/RAN | S70: Tabelas_HUA_R5G
B71: T1914437650 | C71: T1914437650 | D71: DBN0_HUA_RAN | E71: Y | F71: =IF(E71="Y","Y","") -> Y | G71: R5G | H71: New | J71: ?/NRDUCell.Ns:gNodeB Function Name=?, NR DU Cell ID=?, Operator ID=?, Slice Service Type=?, Slice Differentiator=? | K71: DU Cell Network Slice Service Quality Measurement | L71: DBN0 Table | M71: Ficheiro XML | N71: 15 Minutes | O71: 1 Hour | P71: Huawei | Q71: 20.1 | R71: SRAN/RAN | S71: Tabelas_HUA_R5G
B72: T1593835548 | C72: T1593835548 | D72: DBN0_HUA_RAN | E72: Y | F72: =IF(E72="Y","Y","") -> Y | G72: R4G5G | H72: New | J72: ?/IPCLK:Link No.=? | K72: Traced IPCLK PDV Measurement | L72: DBN0 Table | M72: Ficheiro XML | N72: 15 Minutes | O72: 1 Hour | P72: Huawei | Q72: 20.1 | R72: SRAN/RAN | S72: Tabelas_HUA_R5G
B73: T1914437651 | C73: T1914437651 | D73: DBN0_HUA_RAN | E73: Y | F73: =IF(E73="Y","Y","") -> Y | G73: R5G | J73: ?/NRDUCell.Ns:gNodeB Function Name=?, NR DU Cell ID=?, Operator ID=?, Slice Service Type=?, Slice Differentiator=?, Mobile Country Code=?, Mobile Network Code=? | K73: DU Cell Network Slice PRB Measurement | L73: DBN0 Table | M73: Ficheiro XML | N73: 15 Minutes | O73: 1 Hour | P73: Huawei | Q73: 20.1 | R73: SRAN/RAN | S73: Tabelas_HUA_R5G
B74: T1914437652 | C74: T1914437652 | D74: DBN0_HUA_RAN | E74: Y | F74: =IF(E74="Y","Y","") -> Y | G74: R5G | J74: ?/NRCell.Ns:gNodeB Function Name=?, NR Cell ID=?, Operator ID=?, Slice Service Type=?, Slice Differentiator=?, Mobile Country Code=?, Mobile Network Code=? | K74: Network Slice Outgoing Intra-RAT Handover Measurement | L74: DBN0 Table | M74: Ficheiro XML | N74: 15 Minutes | O74: 1 Hour | P74: Huawei | Q74: 20.1 | R74: SRAN/RAN | S74: Tabelas_HUA_R5G
B75: T1914437653 | C75: T1914437653 | D75: DBN0_HUA_RAN | E75: Y | F75: =IF(E75="Y","Y","") -> Y | G75: R5G | J75: ?/NRDUCell.Ns:gNodeB Function Name=?, NR DU Cell ID=?, Operator ID=?, Slice Service Type=?, Slice Differentiator=?, Mobile Country Code=?, Mobile Network Code=? | K75: Network Slice Scheduled UE Number Measurement in a DU cell | L75: DBN0 Table | M75: Ficheiro XML | N75: 15 Minutes | O75: 1 Hour | P75: Huawei | Q75: 20.1 | R75: SRAN/RAN | S75: Tabelas_HUA_R5G
B76: T1911816416_5QI1 | C76: T1911816416 | D76: DBN0_HUA_RAN | E76: Y | F76: =IF(E76="Y","Y","") -> Y | G76: R5G | I76: NR5GQoSIndicator = 1 | K76: Cell 5QI PDCP Measurement | L76: DBN0 Table | M76: Ficheiro XML | N76: 15 Minutes | O76: 1 Hour | P76: Huawei | Q76: 20.1 | R76: SRAN/RAN | S76: Tabelas_HUA_R5G
B77: T1911816418_5QI1 | C77: T1911816418 | D77: DBN0_HUA_RAN | E77: Y | F77: =IF(E77="Y","Y","") -> Y | G77: R5G | I77: NR5GQoSIndicator = 1 | K77: 5QI QoS Flow Setup Measurement | L77: DBN0 Table | M77: Ficheiro XML | N77: 15 Minutes | O77: 1 Hour | P77: Huawei | Q77: 20.1 | R77: SRAN/RAN | S77: Tabelas_HUA_R5G
B78: T1911816419_5QI1 | C78: T1911816419 | D78: DBN0_HUA_RAN | E78: Y | F78: =IF(E78="Y","Y","") -> Y | G78: R5G | I78: NR5GQoSIndicator = 1 | K78: 5QI QoS Flow Release Measurement | L78: DBN0 Table | M78: Ficheiro XML | N78: 15 Minutes | O78: 1 Hour | P78: Huawei | Q78: 20.1 | R78: SRAN/RAN | S78: Tabelas_HUA_R5G
B79: T1911816422_5QI1 | C79: T1911816422 | D79: DBN0_HUA_RAN | E79: Y | F79: =IF(E79="Y","Y","") -> Y | G79: R5G | I79: NR5GQoSIndicator = 1 | K79: DU Cell 5QI Traffic Measurement | L79: DBN0 Table | M79: Ficheiro XML | N79: 15 Minutes | O79: 1 Hour | P79: Huawei | Q79: 20.1 | R79: SRAN/RAN | S79: Tabelas_HUA_R5G
B80: T1911816852_5QI1 | C80: T1911816852 | D80: DBN0_HUA_RAN | E80: Y | F80: =IF(E80="Y","Y","") -> Y | G80: R5G | I80: NR5GQoSIndicator = 1 | K80: Cell Operator 5QI PDCP Measurement | L80: DBN0 Table | M80: Ficheiro XML | N80: 15 Minutes | O80: 1 Hour | P80: Huawei | Q80: 20.1 | R80: SRAN/RAN | S80: Tabelas_HUA_R5G
B81: T1911816853_5QI1 | C81: T1911816853 | D81: DBN0_HUA_RAN | E81: Y | F81: =IF(E81="Y","Y","") -> Y | G81: R5G | I81: NR5GQoSIndicator = 1 | K81: DU Cell Operator 5QI Traffic Measurement | L81: DBN0 Table | M81: Ficheiro XML | N81: 15 Minutes | O81: 1 Hour | P81: Huawei | Q81: 20.1 | R81: SRAN/RAN | S81: Tabelas_HUA_R5G
B82: T1911816856_5QI1 | C82: T1911816856 | D82: DBN0_HUA_RAN | E82: Y | F82: =IF(E82="Y","Y","") -> Y | G82: R5G | I82: NR5GQoSIndicator = 1 | K82: 5QI QoS Flow Measurement per Operator | L82: DBN0 Table | M82: Ficheiro XML | N82: 15 Minutes | O82: 1 Hour | P82: Huawei | Q82: 20.1 | R82: SRAN/RAN | S82: Tabelas_HUA_R5G
B83: T1911817157_5QI1 | C83: T1911817157 | D83: DBN0_HUA_RAN | E83: Y | F83: =IF(E83="Y","Y","") -> Y | G83: R5G | I83: NR5GQoSIndicator = 1 | K83: 5QI-based Outgoing Intra-RAT Handover Measurement | L83: DBN0 Table | M83: Ficheiro XML | N83: 15 Minutes | O83: 1 Hour | P83: Huawei | Q83: 20.1 | R83: SRAN/RAN | S83: Tabelas_HUA_R5G
B84: T1911817158_5QI1 | C84: T1911817158 | D84: DBN0_HUA_RAN | E84: Y | F84: =IF(E84="Y","Y","") -> Y | G84: R5G | I84: NR5GQoSIndicator = 1 | K84: 5QI-based Outgoing Intra-RAT Handover Measurement per Operator | L84: DBN0 Table | M84: Ficheiro XML | N84: 15 Minutes | O84: 1 Hour | P84: Huawei | Q84: 20.1 | R84: SRAN/RAN | S84: Tabelas_HUA_R5G
B85: T1914437654_5QI1 | C85: T1914437654 | D85: DBN0_HUA_RAN | E85: Y | F85: =IF(E85="Y","Y","") -> Y | G85: R5G | I85: NR5GQoSIndicator = 1 | K85: DU Cell Network Slice 5QI-specific Service Quality Measurement | L85: DBN0 Table | M85: Ficheiro XML | N85: 15 Minutes | O85: 1 Hour | P85: Huawei | Q85: 20.1 | R85: SRAN/RAN | S85: Tabelas_HUA_R5G
B86: T1914437655_5QI1 | C86: T1914437655 | D86: DBN0_HUA_RAN | E86: Y | F86: =IF(E86="Y","Y","") -> Y | G86: R5G | I86: NR5GQoSIndicator = 1 | K86: DU Cell Network Slice 5QI RLC Measurement | L86: DBN0 Table | M86: Ficheiro XML | N86: 15 Minutes | O86: 1 Hour | P86: Huawei | Q86: 20.1 | R86: SRAN/RAN | S86: Tabelas_HUA_R5G
B87: T1914438708_5QI1 | C87: T1914438708 | D87: DBN0_HUA_RAN | E87: Y | F87: =IF(E87="Y","Y","") -> Y | G87: R5G | I87: NR5GQoSIndicator = 1 | L87: DBN0 Table | M87: Ficheiro XML | N87: 15 Minutes | O87: 1 Hour | P87: Huawei | Q87: 20.1 | R87: SRAN/RAN | S87: Tabelas_HUA_R5G
B88: T1911816416_5QI5 | C88: T1911816416 | D88: DBN0_HUA_RAN | E88: Y | F88: =IF(E88="Y","Y","") -> Y | G88: R5G | I88: NR5GQoSIndicator = 5 | K88: Cell 5QI PDCP Measurement | L88: DBN0 Table | M88: Ficheiro XML | N88: 15 Minutes | O88: 1 Hour | P88: Huawei | Q88: 20.1 | R88: SRAN/RAN | S88: Tabelas_HUA_R5G
B89: T1911816418_5QI5 | C89: T1911816418 | D89: DBN0_HUA_RAN | E89: Y | F89: =IF(E89="Y","Y","") -> Y | G89: R5G | I89: NR5GQoSIndicator = 5 | K89: 5QI QoS Flow Setup Measurement | L89: DBN0 Table | M89: Ficheiro XML | N89: 15 Minutes | O89: 1 Hour | P89: Huawei | Q89: 20.1 | R89: SRAN/RAN | S89: Tabelas_HUA_R5G
B90: T1911816419_5QI5 | C90: T1911816419 | D90: DBN0_HUA_RAN | E90: Y | F90: =IF(E90="Y","Y","") -> Y | G90: R5G | I90: NR5GQoSIndicator = 5 | K90: 5QI QoS Flow Release Measurement | L90: DBN0 Table | M90: Ficheiro XML | N90: 15 Minutes | O90: 1 Hour | P90: Huawei | Q90: 20.1 | R90: SRAN/RAN | S90: Tabelas_HUA_R5G
B91: T1911816422_5QI5 | C91: T1911816422 | D91: DBN0_HUA_RAN | E91: Y | F91: =IF(E91="Y","Y","") -> Y | G91: R5G | I91: NR5GQoSIndicator = 5 | K91: DU Cell 5QI Traffic Measurement | L91: DBN0 Table | M91: Ficheiro XML | N91: 15 Minutes | O91: 1 Hour | P91: Huawei | Q91: 20.1 | R91: SRAN/RAN | S91: Tabelas_HUA_R5G
B92: T1911816852_5QI5 | C92: T1911816852 | D92: DBN0_HUA_RAN | E92: Y | F92: =IF(E92="Y","Y","") -> Y | G92: R5G | I92: NR5GQoSIndicator = 5 | K92: Cell Operator 5QI PDCP Measurement | L92: DBN0 Table | M92: Ficheiro XML | N92: 15 Minutes | O92: 1 Hour | P92: Huawei | Q92: 20.1 | R92: SRAN/RAN | S92: Tabelas_HUA_R5G
B93: T1911816853_5QI5 | C93: T1911816853 | D93: DBN0_HUA_RAN | E93: Y | F93: =IF(E93="Y","Y","") -> Y | G93: R5G | I93: NR5GQoSIndicator = 5 | K93: DU Cell Operator 5QI Traffic Measurement | L93: DBN0 Table | M93: Ficheiro XML | N93: 15 Minutes | O93: 1 Hour | P93: Huawei | Q93: 20.1 | R93: SRAN/RAN | S93: Tabelas_HUA_R5G
B94: T1911816856_5QI5 | C94: T1911816856 | D94: DBN0_HUA_RAN | E94: Y | F94: =IF(E94="Y","Y","") -> Y | G94: R5G | I94: NR5GQoSIndicator = 5 | K94: 5QI QoS Flow Measurement per Operator | L94: DBN0 Table | M94: Ficheiro XML | N94: 15 Minutes | O94: 1 Hour | P94: Huawei | Q94: 20.1 | R94: SRAN/RAN | S94: Tabelas_HUA_R5G
B95: T1911817157_5QI5 | C95: T1911817157 | D95: DBN0_HUA_RAN | E95: Y | F95: =IF(E95="Y","Y","") -> Y | G95: R5G | I95: NR5GQoSIndicator = 5 | K95: 5QI-based Outgoing Intra-RAT Handover Measurement | L95: DBN0 Table | M95: Ficheiro XML | N95: 15 Minutes | O95: 1 Hour | P95: Huawei | Q95: 20.1 | R95: SRAN/RAN | S95: Tabelas_HUA_R5G
B96: T1911817158_5QI5 | C96: T1911817158 | D96: DBN0_HUA_RAN | E96: Y | F96: =IF(E96="Y","Y","") -> Y | G96: R5G | I96: NR5GQoSIndicator = 5 | K96: 5QI-based Outgoing Intra-RAT Handover Measurement per Operator | L96: DBN0 Table | M96: Ficheiro XML | N96: 15 Minutes | O96: 1 Hour | P96: Huawei | Q96: 20.1 | R96: SRAN/RAN | S96: Tabelas_HUA_R5G
B97: T1914437654_5QI5 | C97: T1914437654 | D97: DBN0_HUA_RAN | E97: Y | F97: =IF(E97="Y","Y","") -> Y | G97: R5G | I97: NR5GQoSIndicator = 5 | K97: DU Cell Network Slice 5QI-specific Service Quality Measurement | L97: DBN0 Table | M97: Ficheiro XML | N97: 15 Minutes | O97: 1 Hour | P97: Huawei | Q97: 20.1 | R97: SRAN/RAN | S97: Tabelas_HUA_R5G
B98: T1914437655_5QI5 | C98: T1914437655 | D98: DBN0_HUA_RAN | E98: Y | F98: =IF(E98="Y","Y","") -> Y | G98: R5G | I98: NR5GQoSIndicator = 5 | K98: DU Cell Network Slice 5QI RLC Measurement | L98: DBN0 Table | M98: Ficheiro XML | N98: 15 Minutes | O98: 1 Hour | P98: Huawei | Q98: 20.1 | R98: SRAN/RAN | S98: Tabelas_HUA_R5G
B99: T1914438708_5QI5 | C99: T1914438708 | D99: DBN0_HUA_RAN | E99: Y | F99: =IF(E99="Y","Y","") -> Y | G99: R5G | I99: NR5GQoSIndicator = 5 | L99: DBN0 Table | M99: Ficheiro XML | N99: 15 Minutes | O99: 1 Hour | P99: Huawei | Q99: 20.1 | R99: SRAN/RAN | S99: Tabelas_HUA_R5G
B100: T1911816416_5QI9 | C100: T1911816416 | D100: DBN0_HUA_RAN | E100: Y | F100: =IF(E100="Y","Y","") -> Y | G100: R5G | I100: NR5GQoSIndicator = 9 | K100: Cell 5QI PDCP Measurement | L100: DBN0 Table | M100: Ficheiro XML | N100: 15 Minutes | O100: 1 Hour | P100: Huawei | Q100: 20.1 | R100: SRAN/RAN | S100: Tabelas_HUA_R5G
B101: T1911816418_5QI9 | C101: T1911816418 | D101: DBN0_HUA_RAN | E101: Y | F101: =IF(E101="Y","Y","") -> Y | G101: R5G | I101: NR5GQoSIndicator = 9 | K101: 5QI QoS Flow Setup Measurement | L101: DBN0 Table | M101: Ficheiro XML | N101: 15 Minutes | O101: 1 Hour | P101: Huawei | Q101: 20.1 | R101: SRAN/RAN | S101: Tabelas_HUA_R5G
B102: T1911816419_5QI9 | C102: T1911816419 | D102: DBN0_HUA_RAN | E102: Y | F102: =IF(E102="Y","Y","") -> Y | G102: R5G | I102: NR5GQoSIndicator = 9 | K102: 5QI QoS Flow Release Measurement | L102: DBN0 Table | M102: Ficheiro XML | N102: 15 Minutes | O102: 1 Hour | P102: Huawei | Q102: 20.1 | R102: SRAN/RAN | S102: Tabelas_HUA_R5G
...

Sheet 3. Data Sources Attr & Count
B2: 3. Data Source Attributes & Counters
B4: Source Name | C4: Attribute/Counter Name | D4: Attribute/Counter Physical Name | E4: Data Type | F4: Mediation Type | G4: Metrics Attribute Type | H4: Altaia Attribute Type | I4: TableVisible In Metrics | J4: Attribute Visible in Metrics | K4: Attribute Visible in AdHoc | L4: Description | M4: Example | N4: Comments
B5: ENR_OPERATORS | C5: MCC | D5: MCC | E5: VARCHAR2(256) | F5: ID | G5: ID | H5: =IF(G5="Local Date and Hour","Start Time of Interval",IF(OR(G5="Additional Info",G5="ID"),"Attribute", IF(G5="Constant","Constant",IF(OR(G5="Counter",G5="Incremental/Decremental"),"Counter","")))) -> Attribute | I5: =VLOOKUP(B5,'3. Data Sources'!$B$4:$E$5002,4,0) -> N | J5: =IF(OR(G5="Not Map",G5="Sequential"),"N",IF(TRIM(G5)<>"","Y","")) -> Y | K5: =IF(G5="Constant","N",IF(J5="Y","Y","")) -> Y
B6: ENR_OPERATORS | C6: MNC | D6: MNC | E6: VARCHAR2(256) | F6: ID | G6: ID | H6: =IF(G6="Local Date and Hour","Start Time of Interval",IF(OR(G6="Additional Info",G6="ID"),"Attribute", IF(G6="Constant","Constant",IF(OR(G6="Counter",G6="Incremental/Decremental"),"Counter","")))) -> Attribute | I6: =VLOOKUP(B6,'3. Data Sources'!$B$4:$E$5002,4,0) -> N | J6: =IF(OR(G6="Not Map",G6="Sequential"),"N",IF(TRIM(G6)<>"","Y","")) -> Y | K6: =IF(G6="Constant","N",IF(J6="Y","Y","")) -> Y
B7: ENR_OPERATORS | C7: COUNTRY | D7: COUNTRY | E7: VARCHAR2(256) | F7: - | G7: Not Map | H7: =IF(G7="Local Date and Hour","Start Time of Interval",IF(OR(G7="Additional Info",G7="ID"),"Attribute", IF(G7="Constant","Constant",IF(OR(G7="Counter",G7="Incremental/Decremental"),"Counter","")))) | I7: =VLOOKUP(B7,'3. Data Sources'!$B$4:$E$5002,4,0) -> N | J7: =IF(OR(G7="Not Map",G7="Sequential"),"N",IF(TRIM(G7)<>"","Y","")) -> N | K7: =IF(G7="Constant","N",IF(J7="Y","Y",""))
B8: ENR_OPERATORS | C8: OPERATOR | D8: OPERATOR | E8: VARCHAR2(256) | F8: ID | G8: ID | H8: =IF(G8="Local Date and Hour","Start Time of Interval",IF(OR(G8="Additional Info",G8="ID"),"Attribute", IF(G8="Constant","Constant",IF(OR(G8="Counter",G8="Incremental/Decremental"),"Counter","")))) -> Attribute | I8: =VLOOKUP(B8,'3. Data Sources'!$B$4:$E$5002,4,0) -> N | J8: =IF(OR(G8="Not Map",G8="Sequential"),"N",IF(TRIM(G8)<>"","Y","")) -> Y | K8: =IF(G8="Constant","N",IF(J8="Y","Y","")) -> Y
B9: ENR_OPERATORS | C9: ORIGIN | D9: ORIGIN | E9: VARCHAR2(256) | F9: - | G9: Not Map | H9: =IF(G9="Local Date and Hour","Start Time of Interval",IF(OR(G9="Additional Info",G9="ID"),"Attribute", IF(G9="Constant","Constant",IF(OR(G9="Counter",G9="Incremental/Decremental"),"Counter","")))) | I9: =VLOOKUP(B9,'3. Data Sources'!$B$4:$E$5002,4,0) -> N | J9: =IF(OR(G9="Not Map",G9="Sequential"),"N",IF(TRIM(G9)<>"","Y","")) -> N | K9: =IF(G9="Constant","N",IF(J9="Y","Y",""))
B10: ENR_OPERATORS | C10: PROCESSDATE | D10: PROCESSDATE | E10: TIMESTAMP(3) | F10: - | G10: Not Map | H10: =IF(G10="Local Date and Hour","Start Time of Interval",IF(OR(G10="Additional Info",G10="ID"),"Attribute", IF(G10="Constant","Constant",IF(OR(G10="Counter",G10="Incremental/Decremental"),"Counter","")))) | I10: =VLOOKUP(B10,'3. Data Sources'!$B$4:$E$5002,4,0) -> N | J10: =IF(OR(G10="Not Map",G10="Sequential"),"N",IF(TRIM(G10)<>"","Y","")) -> N | K10: =IF(G10="Constant","N",IF(J10="Y","Y",""))
B11: ENR_RADIO_4G5G_HUA_IPPATH | C11: NE_NAME | D11: NE_NAME | E11: TIMESTAMP(3) | F11: - | G11: ID | H11: =IF(G11="Local Date and Hour","Start Time of Interval",IF(OR(G11="Additional Info",G11="ID"),"Attribute", IF(G11="Constant","Constant",IF(OR(G11="Counter",G11="Incremental/Decremental"),"Counter","")))) -> Attribute | I11: =VLOOKUP(B11,'3. Data Sources'!$B$4:$E$5002,4,0) -> N | J11: =IF(OR(G11="Not Map",G11="Sequential"),"N",IF(TRIM(G11)<>"","Y","")) -> Y | K11: =IF(G11="Constant","N",IF(J11="Y","Y","")) -> Y
B12: ENR_RADIO_4G5G_HUA_IPPATH | C12: ENODEB_NAME | D12: ENODEB_NAME | E12: VARCHAR2(255) | F12: - | G12: ID | H12: =IF(G12="Local Date and Hour","Start Time of Interval",IF(OR(G12="Additional Info",G12="ID"),"Attribute", IF(G12="Constant","Constant",IF(OR(G12="Counter",G12="Incremental/Decremental"),"Counter","")))) -> Attribute | I12: =VLOOKUP(B12,'3. Data Sources'!$B$4:$E$5002,4,0) -> N | J12: =IF(OR(G12="Not Map",G12="Sequential"),"N",IF(TRIM(G12)<>"","Y","")) -> Y | K12: =IF(G12="Constant","N",IF(J12="Y","Y","")) -> Y
B13: ENR_RADIO_4G5G_HUA_IPPATH | C13: IPPATH | D13: IPPATH | E13: VARCHAR2(255) | F13: - | G13: ID | H13: =IF(G13="Local Date and Hour","Start Time of Interval",IF(OR(G13="Additional Info",G13="ID"),"Attribute", IF(G13="Constant","Constant",IF(OR(G13="Counter",G13="Incremental/Decremental"),"Counter","")))) -> Attribute | I13: =VLOOKUP(B13,'3. Data Sources'!$B$4:$E$5002,4,0) -> N | J13: =IF(OR(G13="Not Map",G13="Sequential"),"N",IF(TRIM(G13)<>"","Y","")) -> Y | K13: =IF(G13="Constant","N",IF(J13="Y","Y","")) -> Y
B14: ENR_RADIO_4G5G_HUA_IPPATH | C14: PEERIP | D14: PEERIP | E14: VARCHAR2(255) | F14: - | G14: ID | H14: =IF(G14="Local Date and Hour","Start Time of Interval",IF(OR(G14="Additional Info",G14="ID"),"Attribute", IF(G14="Constant","Constant",IF(OR(G14="Counter",G14="Incremental/Decremental"),"Counter","")))) -> Attribute | I14: =VLOOKUP(B14,'3. Data Sources'!$B$4:$E$5002,4,0) -> N | J14: =IF(OR(G14="Not Map",G14="Sequential"),"N",IF(TRIM(G14)<>"","Y","")) -> Y | K14: =IF(G14="Constant","N",IF(J14="Y","Y","")) -> Y
B15: ENR_RADIO_4G5G_HUA_IPPATH | C15: PEERNAME | D15: PEERNAME | E15: VARCHAR2(255) | F15: - | G15: Additional Info | H15: =IF(G15="Local Date and Hour","Start Time of Interval",IF(OR(G15="Additional Info",G15="ID"),"Attribute", IF(G15="Constant","Constant",IF(OR(G15="Counter",G15="Incremental/Decremental"),"Counter","")))) -> Attribute | I15: =VLOOKUP(B15,'3. Data Sources'!$B$4:$E$5002,4,0) -> N | J15: =IF(OR(G15="Not Map",G15="Sequential"),"N",IF(TRIM(G15)<>"","Y","")) -> Y | K15: =IF(G15="Constant","N",IF(J15="Y","Y","")) -> Y
B16: ENR_RADIO_4G5G_HUA_IPPATH | C16: DATASOURCE | D16: DATASOURCE | E16: VARCHAR2(255) | F16: - | G16: Not Map | H16: =IF(G16="Local Date and Hour","Start Time of Interval",IF(OR(G16="Additional Info",G16="ID"),"Attribute", IF(G16="Constant","Constant",IF(OR(G16="Counter",G16="Incremental/Decremental"),"Counter","")))) | I16: =VLOOKUP(B16,'3. Data Sources'!$B$4:$E$5002,4,0) -> N | J16: =IF(OR(G16="Not Map",G16="Sequential"),"N",IF(TRIM(G16)<>"","Y","")) -> N | K16: =IF(G16="Constant","N",IF(J16="Y","Y",""))
... B51: ENR_RADIO_5G_CELLS | C51: SITE_VERSION | D51: SITE_VERSION | E51: VARCHAR2(256) | F51: ID | G51: ID | H51: =IF(G51="Local Date and Hour","Start Time of Interval",IF(OR(G51="Additional Info",G51="ID"),"Attribute", IF(G51="Constant","Constant",IF(OR(G51="Counter",G51="Incremental/Decremental"),"Counter","")))) -> Attribute | I51: =VLOOKUP(B51,'3. Data Sources'!$B$4:$E$5002,4,0) -> N | J51: =IF(OR(G51="Not Map",G51="Sequential"),"N",IF(TRIM(G51)<>"","Y","")) -> Y | K51: =IF(G51="Constant","N",IF(J51="Y","Y","")) -> Y
B52: ENR_RADIO_5G_CELLS | C52: STATION_CODE | D52: STATION_CODE | E52: VARCHAR(255) | F52: ID | G52: ID | H52: Attribute | I52: =VLOOKUP(B52,'3. Data Sources'!$B$4:$E$5002,4,0) -> N | J52: =IF(OR(G52="Not Map",G52="Sequential"),"N",IF(TRIM(G52)<>"","Y","")) -> Y | K52: =IF(G52="Constant","N",IF(J52="Y","Y","")) -> Y
B53: ENR_RADIO_5G_CELLS | C53: NE_NAME | D53: NE_NAME | E53: VARCHAR(255) | F53: ID | G53: ID | H53: Attribute | I53: =VLOOKUP(B53,'3. Data Sources'!$B$4:$E$5002,4,0) -> N | J53: =IF(OR(G53="Not Map",G53="Sequential"),"N",IF(TRIM(G53)<>"","Y","")) -> Y | K53: =IF(G53="Constant","N",IF(J53="Y","Y","")) -> Y
B54: ENR_RADIO_5G_CELLS | C54: ID_MASTER | D54: ID_MASTER | E54: VARCHAR(255) | F54: ID | G54: ID | H54: Attribute | I54: =VLOOKUP(B54,'3. Data Sources'!$B$4:$E$5002,4,0) -> N | J54: =IF(OR(G54="Not Map",G54="Sequential"),"N",IF(TRIM(G54)<>"","Y","")) -> Y | K54: =IF(G54="Constant","N",IF(J54="Y","Y","")) -> Y
B55: ENR_RADIO_5G_CELLS | C55: SITE_TYPE | D55: SITE_TYPE | E55: VARCHAR2(256) | F55: ID | G55: ID | H55: =IF(G55="Local Date and Hour","Start Time of Interval",IF(OR(G55="Additional Info",G55="ID"),"Attribute", IF(G55="Constant","Constant",IF(OR(G55="Counter",G55="Incremental/Decremental"),"Counter","")))) -> Attribute | I55: =VLOOKUP(B55,'3. Data Sources'!$B$4:$E$5002,4,0) -> N | J55: =IF(OR(G55="Not Map",G55="Sequential"),"N",IF(TRIM(G55)<>"","Y","")) -> Y | K55: =IF(G55="Constant","N",IF(J55="Y","Y","")) -> Y
B56: ENR_RADIO_5G_CELLS | C56: ORIGIN | D56: ORIGIN | E56: VARCHAR2(256) | F56: - | G56: Not Map | H56: =IF(G56="Local Date and Hour","Start Time of Interval",IF(OR(G56="Additional Info",G56="ID"),"Attribute", IF(G56="Constant","Constant",IF(OR(G56="Counter",G56="Incremental/Decremental"),"Counter","")))) | I56: =VLOOKUP(B56,'3. Data Sources'!$B$4:$E$5002,4,0) -> N | J56: =IF(OR(G56="Not Map",G56="Sequential"),"N",IF(TRIM(G56)<>"","Y","")) -> N | K56: =IF(G56="Constant","N",IF(J56="Y","Y",""))
B57: ENR_RADIO_5G_CELLS | C57: PROCESSDATE | D57: PROCESSDATE | E57: TIMESTAMP(3) | F57: - | G57: Not Map | H57: =IF(G57="Local Date and Hour","Start Time of Interval",IF(OR(G57="Additional Info",G57="ID"),"Attribute", IF(G57="Constant","Constant",IF(OR(G57="Counter",G57="Incremental/Decremental"),"Counter","")))) | I57: =VLOOKUP(B57,'3. Data Sources'!$B$4:$E$5002,4,0) -> N | J57: =IF(OR(G57="Not Map",G57="Sequential"),"N",IF(TRIM(G57)<>"","Y","")) -> N | K57: =IF(G57="Constant","N",IF(J57="Y","Y",""))
B58: ENR_RADIO_5G_CELLS | C58: STARTTIME | D58: STARTTIME | E58: VARCHAR2(256) | F58: - | G58: Local Date and Hour | H58: =IF(G58="Local Date and Hour","Start Time of Interval",IF(OR(G58="Additional Info",G58="ID"),"Attribute", IF(G58="Constant","Constant",IF(OR(G58="Counter",G58="Incremental/Decremental"),"Counter","")))) -> Start Time of Interval | I58: =VLOOKUP(B58,'3. Data Sources'!$B$4:$E$5002,4,0) -> N | J58: =IF(OR(G58="Not Map",G58="Sequential"),"N",IF(TRIM(G58)<>"","Y","")) -> Y | K58: =IF(G58="Constant","N",IF(J58="Y","Y","")) -> Y
B59: ENR_RADIO_5G_GNODEB | C59: MOBILE_SITE_NAME | D59: MOBILE_SITE_NAME | E59: VARCHAR2(256) | F59: ID | G59: ID | H59: =IF(G59="Local Date and Hour","Start Time of Interval",IF(OR(G59="Additional Info",G59="ID"),"Attribute", IF(G59="Constant","Constant",IF(OR(G59="Counter",G59="Incremental/Decremental"),"Counter","")))) -> Attribute | I59: =VLOOKUP(B59,'3. Data Sources'!$B$4:$E$5002,4,0) -> N | J59: =IF(OR(G59="Not Map",G59="Sequential"),"N",IF(TRIM(G59)<>"","Y","")) -> Y | K59: =IF(G59="Constant","N",IF(J59="Y","Y","")) -> Y
B60: ENR_RADIO_5G_GNODEB | C60: GNODEB_CN | D60: GNODEB_CN | E60: VARCHAR2(256) | F60: ID | G60: ID | H60: =IF(G60="Local Date and Hour","Start Time of Interval",IF(OR(G60="Additional Info",G60="ID"),"Attribute", IF(G60="Constant","Constant",IF(OR(G60="Counter",G60="Incremental/Decremental"),"Counter","")))) -> Attribute | I60: =VLOOKUP(B60,'3. Data Sources'!$B$4:$E$5002,4,0) -> N | J60: =IF(OR(G60="Not Map",G60="Sequential"),"N",IF(TRIM(G60)<>"","Y","")) -> Y | K60: =IF(G60="Constant","N",IF(J60="Y","Y","")) -> Y
B61: ENR_RADIO_5G_GNODEB | C61: GNODEB_IBGE_ID | D61: GNODEB_IBGE_ID | E61: VARCHAR(256) | F61: ID | G61: ID | H61: =IF(G61="Local Date and Hour","Start Time of Interval",IF(OR(G61="Additional Info",G61="ID"),"Attribute", IF(G61="Constant","Constant",IF(OR(G61="Counter",G61="Incremental/Decremental"),"Counter","")))) -> Attribute | I61: =VLOOKUP(B61,'3. Data Sources'!$B$4:$E$5002,4,0) -> N | J61: =IF(OR(G61="Not Map",G61="Sequential"),"N",IF(TRIM(G61)<>"","Y","")) -> Y | K61: =IF(G61="Constant","N",IF(J61="Y","Y","")) -> Y
B62: ENR_RADIO_5G_GNODEB | C62: GNODEB_LATITUDE | D62: GNODEB_LATITUDE | E62: VARCHAR2(256) | F62: ID | G62: ID | H62: =IF(G62="Local Date and Hour","Start Time of Interval",IF(OR(G62="Additional Info",G62="ID"),"Attribute", IF(G62="Constant","Constant",IF(OR(G62="Counter",G62="Incremental/Decremental"),"Counter","")))) -> Attribute | I62: =VLOOKUP(B62,'3. Data Sources'!$B$4:$E$5002,4,0) -> N | J62: =IF(OR(G62="Not Map",G62="Sequential"),"N",IF(TRIM(G62)<>"","Y","")) -> Y | K62: =IF(G62="Constant","N",IF(J62="Y","Y","")) -> Y
B63: ENR_RADIO_5G_GNODEB | C63: GNODEB_LONGITUDE | D63: GNODEB_LONGITUDE | E63: VARCHAR2(256) | F63: ID | G63: ID | H63: =IF(G63="Local Date and Hour","Start Time of Interval",IF(OR(G63="Additional Info",G63="ID"),"Attribute", IF(G63="Constant","Constant",IF(OR(G63="Counter",G63="Incremental/Decremental"),"Counter","")))) -> Attribute | I63: =VLOOKUP(B63,'3. Data Sources'!$B$4:$E$5002,4,0) -> N | J63: =IF(OR(G63="Not Map",G63="Sequential"),"N",IF(TRIM(G63)<>"","Y","")) -> Y | K63: =IF(G63="Constant","N",IF(J63="Y","Y","")) -> Y
B64: ENR_RADIO_5G_GNODEB | C64: GNODEB_MUNICIPALY | D64: GNODEB_MUNICIPALY | E64: VARCHAR2(256) | F64: ID | G64: ID | H64: =IF(G64="Local Date and Hour","Start Time of Interval",IF(OR(G64="Additional Info",G64="ID"),"Attribute", IF(G64="Constant","Constant",IF(OR(G64="Counter",G64="Incremental/Decremental"),"Counter","")))) -> Attribute | I64: =VLOOKUP(B64,'3. Data Sources'!$B$4:$E$5002,4,0) -> N | J64: =IF(OR(G64="Not Map",G64="Sequential"),"N",IF(TRIM(G64)<>"","Y","")) -> Y | K64: =IF(G64="Constant","N",IF(J64="Y","Y","")) -> Y
B65: ENR_RADIO_5G_GNODEB | C65: GNODEB_NEIGHBORHOOD | D65: GNODEB_NEIGHBORHOOD | E65: VARCHAR2(256) | F65: ID | G65: ID | H65: =IF(G65="Local Date and Hour","Start Time of Interval",IF(OR(G65="Additional Info",G65="ID"),"Attribute", IF(G65="Constant","Constant",IF(OR(G65="Counter",G65="Incremental/Decremental"),"Counter","")))) -> Attribute | I65: =VLOOKUP(B65,'3. Data Sources'!$B$4:$E$5002,4,0) -> N | J65: =IF(OR(G65="Not Map",G65="Sequential"),"N",IF(TRIM(G65)<>"","Y","")) -> Y | K65: =IF(G65="Constant","N",IF(J65="Y","Y","")) -> Y
B66: ENR_RADIO_5G_GNODEB | C66: GNODEB_REGION | D66: GNODEB_REGION | E66: VARCHAR2(256) | F66: ID | G66: ID | H66: =IF(G66="Local Date and Hour","Start Time of Interval",IF(OR(G66="Additional Info",G66="ID"),"Attribute", IF(G66="Constant","Constant",IF(OR(G66="Counter",G66="Incremental/Decremental"),"Counter","")))) -> Attribute | I66: =VLOOKUP(B66,'3. Data Sources'!$B$4:$E$5002,4,0) -> N | J66: =IF(OR(G66="Not Map",G66="Sequential"),"N",IF(TRIM(G66)<>"","Y","")) -> Y | K66: =IF(G66="Constant","N",IF(J66="Y","Y","")) -> Y
... B73: ENR_RADIO_5G_GNODEB | C73: ERB_FISICA | D73: ERB_FISICA | E73: VARCHAR2(256) | F73: ID | G73: ID | H73: =IF(G73="Local Date and Hour","Start Time of Interval",IF(OR(G73="Additional Info",G73="ID"),"Attribute", IF(G73="Constant","Constant",IF(OR(G73="Counter",G73="Incremental/Decremental"),"Counter","")))) -> Attribute | I73: =VLOOKUP(B73,'3. Data Sources'!$B$4:$E$5002,4,0) -> N | J73: =IF(OR(G73="Not Map",G73="Sequential"),"N",IF(TRIM(G73)<>"","Y","")) -> Y | K73: =IF(G73="Constant","N",IF(J73="Y","Y","")) -> Y
B74: ENR_RADIO_5G_GNODEB | C74: NE_NAME | D74: NE_NAME | E74: VARCHAR(255) | F74: ID | G74: ID | H74: Attribute | I74: =VLOOKUP(B74,'3. Data Sources'!$B$4:$E$5002,4,0) -> N | J74: =IF(OR(G74="Not Map",G74="Sequential"),"N",IF(TRIM(G74)<>"","Y","")) -> Y | K74: =IF(G74="Constant","N",IF(J74="Y","Y","")) -> Y
B75: ENR_RADIO_5G_GNODEB | C75: ID_MASTER | D75: ID_MASTER | E75: VARCHAR(256) | F75: ID | G75: ID | H75: =IF(G75="Local Date and Hour","Start Time of Interval",IF(OR(G75="Additional Info",G75="ID"),"Attribute", IF(G75="Constant","Constant",IF(OR(G75="Counter",G75="Incremental/Decremental"),"Counter","")))) -> Attribute | I75: =VLOOKUP(B75,'3. Data Sources'!$B$4:$E$5002,4,0) -> N | J75: =IF(OR(G75="Not Map",G75="Sequential"),"N",IF(TRIM(G75)<>"","Y","")) -> Y | K75: =IF(G75="Constant","N",IF(J75="Y","Y","")) -> Y
B76: ENR_RADIO_5G_GNODEB | C76: SITE_TYPE | D76: SITE_TYPE | E76: VARCHAR2(256) | F76: ID | G76: ID | H76: =IF(G76="Local Date and Hour","Start Time of Interval",IF(OR(G76="Additional Info",G76="ID"),"Attribute", IF(G76="Constant","Constant",IF(OR(G76="Counter",G76="Incremental/Decremental"),"Counter","")))) -> Attribute | I76: =VLOOKUP(B76,'3. Data Sources'!$B$4:$E$5002,4,0) -> N | J76: =IF(OR(G76="Not Map",G76="Sequential"),"N",IF(TRIM(G76)<>"","Y","")) -> Y | K76: =IF(G76="Constant","N",IF(J76="Y","Y","")) -> Y
B77: ENR_RADIO_5G_GNODEB | C77: STARTTIME | D77: STARTTIME | E77: TIMESTAMP(3) | F77: - | G77: Local Date and Hour | H77: =IF(G77="Local Date and Hour","Start Time of Interval",IF(OR(G77="Additional Info",G77="ID"),"Attribute", IF(G77="Constant","Constant",IF(OR(G77="Counter",G77="Incremental/Decremental"),"Counter","")))) -> Start Time of Interval | I77: =VLOOKUP(B77,'3. Data Sources'!$B$4:$E$5002,4,0) -> N | J77: =IF(OR(G77="Not Map",G77="Sequential"),"N",IF(TRIM(G77)<>"","Y","")) -> Y | K77: =IF(G77="Constant","N",IF(J77="Y","Y","")) -> Y
B78: ENR_RADIO_5G_GNODEB | C78: ORIGIN | D78: ORIGIN | E78: VARCHAR2(256) | F78: - | G78: Not Map | H78: =IF(G78="Local Date and Hour","Start Time of Interval",IF(OR(G78="Additional Info",G78="ID"),"Attribute", IF(G78="Constant","Constant",IF(OR(G78="Counter",G78="Incremental/Decremental"),"Counter","")))) | I78: =VLOOKUP(B78,'3. Data Sources'!$B$4:$E$5002,4,0) -> N | J78: =IF(OR(G78="Not Map",G78="Sequential"),"N",IF(TRIM(G78)<>"","Y","")) -> N | K78: =IF(G78="Constant","N",IF(J78="Y","Y",""))
B79: ENR_RADIO_5G_GNODEB | C79: PROCESSDATE | D79: PROCESSDATE | E79: TIMESTAMP(3) | F79: - | G79: Not Map | H79: =IF(G79="Local Date and Hour","Start Time of Interval",IF(OR(G79="Additional Info",G79="ID"),"Attribute", IF(G79="Constant","Constant",IF(OR(G79="Counter",G79="Incremental/Decremental"),"Counter","")))) | I79: =VLOOKUP(B79,'3. Data Sources'!$B$4:$E$5002,4,0) -> N | J79: =IF(OR(G79="Not Map",G79="Sequential"),"N",IF(TRIM(G79)<>"","Y","")) -> N | K79: =IF(G79="Constant","N",IF(J79="Y","Y",""))
B80: ENR_RADIO_5G_SNSSAI | C80: SST | D80: SST | E80: NUMBER | F80: PK | G80: ID | H80: =IF(G80="Local Date and Hour","Start Time of Interval",IF(OR(G80="Additional Info",G80="ID"),"Attribute", IF(G80="Constant","Constant",IF(OR(G80="Counter",G80="Incremental/Decremental"),"Counter","")))) -> Attribute | I80: =VLOOKUP(B80,'3. Data Sources'!$B$4:$E$5002,4,0) -> N | J80: =IF(OR(G80="Not Map",G80="Sequential"),"N",IF(TRIM(G80)<>"","Y","")) -> Y | K80: =IF(G80="Constant","N",IF(J80="Y","Y","")) -> Y
B81: ENR_RADIO_5G_SNSSAI | C81: SD | D81: SD | E81: NUMBER | F81: PK | G81: ID | H81: =IF(G81="Local Date and Hour","Start Time of Interval",IF(OR(G81="Additional Info",G81="ID"),"Attribute", IF(G81="Constant","Constant",IF(OR(G81="Counter",G81="Incremental/Decremental"),"Counter","")))) -> Attribute | I81: =VLOOKUP(B81,'3. Data Sources'!$B$4:$E$5002,4,0) -> N | J81: =IF(OR(G81="Not Map",G81="Sequential"),"N",IF(TRIM(G81)<>"","Y","")) -> Y | K81: =IF(G81="Constant","N",IF(J81="Y","Y","")) -> Y
B82: ENR_RADIO_5G_SNSSAI | C82: SLICENAME | D82: SLICENAME | E82: VARCHAR2(256) | F82: ID | G82: ID | H82: =IF(G82="Local Date and Hour","Start Time of Interval",IF(OR(G82="Additional Info",G82="ID"),"Attribute", IF(G82="Constant","Constant",IF(OR(G82="Counter",G82="Incremental/Decremental"),"Counter","")))) -> Attribute | I82: =VLOOKUP(B82,'3. Data Sources'!$B$4:$E$5002,4,0) -> N | J82: =IF(OR(G82="Not Map",G82="Sequential"),"N",IF(TRIM(G82)<>"","Y","")) -> Y | K82: =IF(G82="Constant","N",IF(J82="Y","Y","")) -> Y
B83: ENR_RADIO_5G_SNSSAI | C83: ORIGIN | D83: ORIGIN | E83: VARCHAR2(256) | F83: - | G83: Not Map | H83: =IF(G83="Local Date and Hour","Start Time of Interval",IF(OR(G83="Additional Info",G83="ID"),"Attribute", IF(G83="Constant","Constant",IF(OR(G83="Counter",G83="Incremental/Decremental"),"Counter","")))) | I83: =VLOOKUP(B83,'3. Data Sources'!$B$4:$E$5002,4,0) -> N | J83: =IF(OR(G83="Not Map",G83="Sequential"),"N",IF(TRIM(G83)<>"","Y","")) -> N | K83: =IF(G83="Constant","N",IF(J83="Y","Y",""))
B84: ENR_RADIO_5G_SNSSAI | C84: PROCESSDATE | D84: PROCESSDATE | E84: TIMESTAMP(3) | F84: - | G84: Not Map | H84: =IF(G84="Local Date and Hour","Start Time of Interval",IF(OR(G84="Additional Info",G84="ID"),"Attribute", IF(G84="Constant","Constant",IF(OR(G84="Counter",G84="Incremental/Decremental"),"Counter","")))) | I84: =VLOOKUP(B84,'3. Data Sources'!$B$4:$E$5002,4,0) -> N | J84: =IF(OR(G84="Not Map",G84="Sequential"),"N",IF(TRIM(G84)<>"","Y","")) -> N | K84: =IF(G84="Constant","N",IF(J84="Y","Y",""))
B85: T1526726682_5G | C85: DST | D85: DST | E85: VARCHAR(256) | F85: - | G85: Constant | H85: =IF(G85="Local Date and Hour","Start Time of Interval",IF(OR(G85="Additional Info",G85="ID"),"Attribute", IF(G85="Constant","Constant",IF(OR(G85="Counter",G85="Incremental/Decremental"),"Counter","")))) -> Constant | I85: =VLOOKUP(B85,'3. Data Sources'!$B$4:$E$5002,4,0) -> Y | J85: =IF(OR(G85="Not Map",G85="Sequential"),"N",IF(TRIM(G85)<>"","Y","")) -> Y | K85: =IF(G85="Constant","N",IF(J85="Y","Y","")) -> N | M85: RAN
B86: T1526726682_5G | C86: PLMN | D86: PLMN | E86: VARCHAR(256) | F86: - | G86: Constant | H86: =IF(G86="Local Date and Hour","Start Time of Interval",IF(OR(G86="Additional Info",G86="ID"),"Attribute", IF(G86="Constant","Constant",IF(OR(G86="Counter",G86="Incremental/Decremental"),"Counter","")))) -> Constant | I86: =VLOOKUP(B86,'3. Data Sources'!$B$4:$E$5002,4,0) -> Y | J86: =IF(OR(G86="Not Map",G86="Sequential"),"N",IF(TRIM(G86)<>"","Y","")) -> Y | K86: =IF(G86="Constant","N",IF(J86="Y","Y","")) -> N | M86: VIVO
B87: T1526726682_5G | C87: BOARD_TYPE | D87: BOARD_TYPE | E87: VARCHAR2(255) | F87: ID | G87: ID | H87: =IF(G87="Local Date and Hour","Start Time of Interval",IF(OR(G87="Additional Info",G87="ID"),"Attribute", IF(G87="Constant","Constant",IF(OR(G87="Counter",G87="Incremental/Decremental"),"Counter","")))) -> Attribute | I87: =VLOOKUP(B87,'3. Data Sources'!$B$4:$E$5002,4,0) -> Y | J87: =IF(OR(G87="Not Map",G87="Sequential"),"N",IF(TRIM(G87)<>"","Y","")) -> Y | K87: =IF(G87="Constant","N",IF(J87="Y","Y","")) -> Y | L87: BoardType
B88: T1526726682_5G | C88: CABINET_NO | D88: CABINET_NO | E88: VARCHAR2(255) | F88: ID | G88: ID | H88: =IF(G88="Local Date and Hour","Start Time of Interval",IF(OR(G88="Additional Info",G88="ID"),"Attribute", IF(G88="Constant","Constant",IF(OR(G88="Counter",G88="Incremental/Decremental"),"Counter","")))) -> Attribute | I88: =VLOOKUP(B88,'3. Data Sources'!$B$4:$E$5002,4,0) -> Y | J88: =IF(OR(G88="Not Map",G88="Sequential"),"N",IF(TRIM(G88)<>"","Y","")) -> Y | K88: =IF(G88="Constant","N",IF(J88="Y","Y","")) -> Y | L88: CabinetNo
B89: T1526726682_5G | C89: ELEMENTTYPE | D89: ELEMENTTYPE | E89: VARCHAR2(256) | F89: ID | G89: Not Map | H89: =IF(G89="Local Date and Hour","Start Time of Interval",IF(OR(G89="Additional Info",G89="ID"),"Attribute", IF(G89="Constant","Constant",IF(OR(G89="Counter",G89="Incremental/Decremental"),"Counter","")))) | I89: =VLOOKUP(B89,'3. Data Sources'!$B$4:$E$5002,4,0) -> Y | J89: =IF(OR(G89="Not Map",G89="Sequential"),"N",IF(TRIM(G89)<>"","Y","")) -> N | K89: =IF(G89="Constant","N",IF(J89="Y","Y","")) | L89: Element Type
B90: T1526726682_5G | C90: END_TIME | D90: END_TIME | E90: TIMESTAMP(3) | F90: ID | G90: Not Map | H90: Attribute | I90: =VLOOKUP(B90,'3. Data Sources'!$B$4:$E$5002,4,0) -> Y | J90: =IF(OR(G90="Not Map",G90="Sequential"),"N",IF(TRIM(G90)<>"","Y","")) -> N | K90: =IF(G90="Constant","N",IF(J90="Y","Y","")) | L90: End Date and time for the PM record (YYYY-MM-DD HH:MM:SS)
B91: T1526726682_5G | C91: Object | D91: OBJECT | E91: VARCHAR2(255) | F91: ID | G91: ID | H91: =IF(G91="Local Date and Hour","Start Time of Interval",IF(OR(G91="Additional Info",G91="ID"),"Attribute", IF(G91="Constant","Constant",IF(OR(G91="Counter",G91="Incremental/Decremental"),"Counter","")))) -> Attribute | I91: =VLOOKUP(B91,'3. Data Sources'!$B$4:$E$5002,4,0) -> Y | J91: =IF(OR(G91="Not Map",G91="Sequential"),"N",IF(TRIM(G91)<>"","Y","")) -> Y | K91: =IF(G91="Constant","N",IF(J91="Y","Y","")) -> Y | L91: Object
B92: T1526726682_5G | C92: SN | D92: SN | E92: VARCHAR2(255) | F92: ID | G92: ID | H92: =IF(G92="Local Date and Hour","Start Time of Interval",IF(OR(G92="Additional Info",G92="ID"),"Attribute", IF(G92="Constant","Constant",IF(OR(G92="Counter",G92="Incremental/Decremental"),"Counter","")))) -> Attribute | I92: =VLOOKUP(B92,'3. Data Sources'!$B$4:$E$5002,4,0) -> Y | J92: =IF(OR(G92="Not Map",G92="Sequential"),"N",IF(TRIM(G92)<>"","Y","")) -> Y | K92: =IF(G92="Constant","N",IF(J92="Y","Y","")) -> Y | L92: SlotNo
B93: T1526726682_5G | C93: SRN | D93: SRN | E93: VARCHAR2(255) | F93: ID | G93: ID | H93: =IF(G93="Local Date and Hour","Start Time of Interval",IF(OR(G93="Additional Info",G93="ID"),"Attribute", IF(G93="Constant","Constant",IF(OR(G93="Counter",G93="Incremental/Decremental"),"Counter","")))) -> Attribute | I93: =VLOOKUP(B93,'3. Data Sources'!$B$4:$E$5002,4,0) -> Y | J93: =IF(OR(G93="Not Map",G93="Sequential"),"N",IF(TRIM(G93)<>"","Y","")) -> Y | K93: =IF(G93="Constant","N",IF(J93="Y","Y","")) -> Y | L93: SubrackNo
B94: T1526726682_5G | C94: USERLABEL | D94: USERLABEL | E94: VARCHAR2(256) | F94: ID | G94: Not Map | H94: Attribute | I94: =VLOOKUP(B94,'3. Data Sources'!$B$4:$E$5002,4,0) -> Y | J94: =IF(OR(G94="Not Map",G94="Sequential"),"N",IF(TRIM(G94)<>"","Y","")) -> N | K94: =IF(G94="Constant","N",IF(J94="Y","Y","")) | L94: User Label
B95: T1526726682_5G | C95: VS.Gtpu.RxBytes | D95: C1526727075 | E95: NUMBER | F95: MT | G95: Incremental/Decremental | H95: =IF(G95="Local Date and Hour","Start Time of Interval",IF(OR(G95="Additional Info",G95="ID"),"Attribute", IF(G95="Constant","Constant",IF(OR(G95="Counter",G95="Incremental/Decremental"),"Counter","")))) -> Counter | I95: =VLOOKUP(B95,'3. Data Sources'!$B$4:$E$5002,4,0) -> Y | J95: =IF(OR(G95="Not Map",G95="Sequential"),"N",IF(TRIM(G95)<>"","Y","")) -> Y | K95: =IF(G95="Constant","N",IF(J95="Y","Y","")) -> Y
B96: T1526726682_5G | C96: VS.Gtpu.TxBytes | D96: C1526727076 | E96: NUMBER | F96: MT | G96: Counter | H96: =IF(G96="Local Date and Hour","Start Time of Interval",IF(OR(G96="Additional Info",G96="ID"),"Attribute", IF(G96="Constant","Constant",IF(OR(G96="Counter",G96="Incremental/Decremental"),"Counter","")))) -> Counter | I96: =VLOOKUP(B96,'3. Data Sources'!$B$4:$E$5002,4,0) -> Y | J96: =IF(OR(G96="Not Map",G96="Sequential"),"N",IF(TRIM(G96)<>"","Y","")) -> Y | K96: =IF(G96="Constant","N",IF(J96="Y","Y","")) -> Y
B97: T1526726682_5G | C97: VS.Gtpu.RxPkts | D97: C1526727077 | E97: NUMBER | F97: MT | G97: Counter | H97: =IF(G97="Local Date and Hour","Start Time of Interval",IF(OR(G97="Additional Info",G97="ID"),"Attribute", IF(G97="Constant","Constant",IF(OR(G97="Counter",G97="Incremental/Decremental"),"Counter","")))) -> Counter | I97: =VLOOKUP(B97,'3. Data Sources'!$B$4:$E$5002,4,0) -> Y | J97: =IF(OR(G97="Not Map",G97="Sequential"),"N",IF(TRIM(G97)<>"","Y","")) -> Y | K97: =IF(G97="Constant","N",IF(J97="Y","Y","")) -> Y
B98: T1526726682_5G | C98: VS.Gtpu.TxPkts | D98: C1526727078 | E98: NUMBER | F98: MT | G98: Counter | H98: =IF(G98="Local Date and Hour","Start Time of Interval",IF(OR(G98="Additional Info",G98="ID"),"Attribute", IF(G98="Constant","Constant",IF(OR(G98="Counter",G98="Incremental/Decremental"),"Counter","")))) -> Counter | I98: =VLOOKUP(B98,'3. Data Sources'!$B$4:$E$5002,4,0) -> Y | J98: =IF(OR(G98="Not Map",G98="Sequential"),"N",IF(TRIM(G98)<>"","Y","")) -> Y | K98: =IF(G98="Constant","N",IF(J98="Y","Y","")) -> Y
B99: T1526726682_5G | C99: VS.Gtpu.RxDropBytes | D99: C1526727079 | E99: NUMBER | F99: MT | G99: Counter | H99: =IF(G99="Local Date and Hour","Start Time of Interval",IF(OR(G99="Additional Info",G99="ID"),"Attribute", IF(G99="Constant","Constant",IF(OR(G99="Counter",G99="Incremental/Decremental"),"Counter","")))) -> Counter | I99: =VLOOKUP(B99,'3. Data Sources'!$B$4:$E$5002,4,0) -> Y | J99: =IF(OR(G99="Not Map",G99="Sequential"),"N",IF(TRIM(G99)<>"","Y","")) -> Y | K99: =IF(G99="Constant","N",IF(J99="Y","Y","")) -> Y
B100: T1526726682_5G | C100: VS.Gtpu.RxDropPkts | D100: C1526727080 | E100: NUMBER | F100: MT | G100: Counter | H100: =IF(G100="Local Date and Hour","Start Time of Interval",IF(OR(G100="Additional Info",G100="ID"),"Attribute", IF(G100="Constant","Constant",IF(OR(G100="Counter",G100="Incremental/Decremental"),"Counter","")))) -> Counter | I100: =VLOOKUP(B100,'3. Data Sources'!$B$4:$E$5002,4,0) -> Y | J100: =IF(OR(G100="Not Map",G100="Sequential"),"N",IF(TRIM(G100)<>"","Y","")) -> Y | K100: =IF(G100="Constant","N",IF(J100="Y","Y","")) -> Y
B101: T1526726682_5G | C101: granularityPeriod | D101: GRANULARITYPERIOD | E101: NUMBER | F101: MT | G101: Counter | H101: =IF(G101="Local Date and Hour","Start Time of Interval",IF(OR(G101="Additional Info",G101="ID"),"Attribute", IF(G101="Constant","Constant",IF(OR(G101="Counter",G101="Incremental/Decremental"),"Counter","")))) -> Counter | I101: =VLOOKUP(B101,'3. Data Sources'!$B$4:$E$5002,4,0) -> Y | J101: =IF(OR(G101="Not Map",G101="Sequential"),"N",IF(TRIM(G101)<>"","Y","")) -> Y | K101: =IF(G101="Constant","N",IF(J101="Y","Y","")) -> Y | L101: Interval when PM data is collected (60 min24 hours)
B102: T1526726682_5G | C102: MEASUREDOBJECTID | D102: MEASUREDOBJECTID | E102: VARCHAR2(256) | F102: PK | G102: Not Map | H102: Attribute | I102: =VLOOKUP(B102,'3. Data Sources'!$B$4:$E$5002,4,0) -> Y | J102: =IF(OR(G102="Not Map",G102="Sequential"),"N",IF(TRIM(G102)<>"","Y","")) -> N | K102: =IF(G102="Constant","N",IF(J102="Y","Y","")) | L102: ID Object Name
B103: T1526726682_5G | C103: RESULTTIME | D103: RESULTTIME | E103: TIMESTAMP(3) | F103: PK | G103: Local Date and Hour | H103: =IF(G103="Local Date and Hour","Start Time of Interval",IF(OR(G103="Additional Info",G103="ID"),"Attribute", IF(G103="Constant","Constant",IF(OR(G103="Counter",G103="Incremental/Decremental"),"Counter","")))) -> Start Time of Interval | I103: =VLOOKUP(B103,'3. Data Sources'!$B$4:$E$5002,4,0) -> Y | J103: =IF(OR(G103="Not Map",G103="Sequential"),"N",IF(TRIM(G103)<>"","Y","")) -> Y | K103: =IF(G103="Constant","N",IF(J103="Y","Y","")) -> Y | L103: Date and time for the PM record (YYYY-MM-DD HH:MM:SS)
B104: T1542455297_5G | C104: DST | D104: DST | E104: VARCHAR(256) | F104: - | G104: Constant | H104: =IF(G104="Local Date and Hour","Start Time of Interval",IF(OR(G104="Additional Info",G104="ID"),"Attribute", IF(G104="Constant","Constant",IF(OR(G104="Counter",G104="Incremental/Decremental"),"Counter","")))) -> Constant | I104: =VLOOKUP(B104,'3. Data Sources'!$B$4:$E$5002,4,0) -> Y | J104: =IF(OR(G104="Not Map",G104="Sequential"),"N",IF(TRIM(G104)<>"","Y","")) -> Y | K104: =IF(G104="Constant","N",IF(J104="Y","Y","")) -> N | M104: RAN
B105: T1542455297_5G | C105: PLMN | D105: PLMN | E105: VARCHAR(256) | F105: - | G105: Constant | H105: =IF(G105="Local Date and Hour","Start Time of Interval",IF(OR(G105="Additional Info",G105="ID"),"Attribute", IF(G105="Constant","Constant",IF(OR(G105="Counter",G105="Incremental/Decremental"),"Counter","")))) -> Constant | I105: =VLOOKUP(B105,'3. Data Sources'!$B$4:$E$5002,4,0) -> Y | J105: =IF(OR(G105="Not Map",G105="Sequential"),"N",IF(TRIM(G105)<>"","Y","")) -> Y | K105: =IF(G105="Constant","N",IF(J105="Y","Y","")) -> N | M105: VIVO
B106: T1542455297_5G | C106: CabinetNo | D106: CABINETNO | E106: VARCHAR2(255) | F106: ID | G106: ID | H106: =IF(G106="Local Date and Hour","Start Time of Interval",IF(OR(G106="Additional Info",G106="ID"),"Attribute", IF(G106="Constant","Constant",IF(OR(G106="Counter",G106="Incremental/Decremental"),"Counter","")))) -> Attribute | I106: =VLOOKUP(B106,'3. Data Sources'!$B$4:$E$5002,4,0) -> Y | J106: =IF(OR(G106="Not Map",G106="Sequential"),"N",IF(TRIM(G106)<>"","Y","")) -> Y | K106: =IF(G106="Constant","N",IF(J106="Y","Y","")) -> Y | L106: CabinetNo
B107: T1542455297_5G | C107: ELEMENTTYPE | D107: ELEMENTTYPE | E107: VARCHAR2(256) | F107: ID | G107: Not Map | H107: =IF(G107="Local Date and Hour","Start Time of Interval",IF(OR(G107="Additional Info",G107="ID"),"Attribute", IF(G107="Constant","Constant",IF(OR(G107="Counter",G107="Incremental/Decremental"),"Counter","")))) | I107: =VLOOKUP(B107,'3. Data Sources'!$B$4:$E$5002,4,0) -> Y | J107: =IF(OR(G107="Not Map",G107="Sequential"),"N",IF(TRIM(G107)<>"","Y","")) -> N | K107: =IF(G107="Constant","N",IF(J107="Y","Y","")) | L107: Element Type
B108: T1542455297_5G | C108: END_TIME | D108: END_TIME | E108: TIMESTAMP(3) | F108: ID | G108: Not Map | H108: Attribute | I108: =VLOOKUP(B108,'3. Data Sources'!$B$4:$E$5002,4,0) -> Y | J108: =IF(OR(G108="Not Map",G108="Sequential"),"N",IF(TRIM(G108)<>"","Y","")) -> N | K108: =IF(G108="Constant","N",IF(J108="Y","Y","")) | L108: End Date and time for the PM record (YYYY-MM-DD HH:MM:SS)
B109: T1542455297_5G | C109: Object | D109: OBJECT | E109: VARCHAR2(255) | F109: ID | G109: ID | H109: =IF(G109="Local Date and Hour","Start Time of Interval",IF(OR(G109="Additional Info",G109="ID"),"Attribute", IF(G109="Constant","Constant",IF(OR(G109="Counter",G109="Incremental/Decremental"),"Counter","")))) -> Attribute | I109: =VLOOKUP(B109,'3. Data Sources'!$B$4:$E$5002,4,0) -> Y | J109: =IF(OR(G109="Not Map",G109="Sequential"),"N",IF(TRIM(G109)<>"","Y","")) -> Y | K109: =IF(G109="Constant","N",IF(J109="Y","Y","")) -> Y | L109: Object
B110: T1542455297_5G | C110: PORTNO | D110: PORTNO | E110: VARCHAR2(255) | F110: ID | G110: ID | H110: =IF(G110="Local Date and Hour","Start Time of Interval",IF(OR(G110="Additional Info",G110="ID"),"Attribute", IF(G110="Constant","Constant",IF(OR(G110="Counter",G110="Incremental/Decremental"),"Counter","")))) -> Attribute | I110: =VLOOKUP(B110,'3. Data Sources'!$B$4:$E$5002,4,0) -> Y | J110: =IF(OR(G110="Not Map",G110="Sequential"),"N",IF(TRIM(G110)<>"","Y","")) -> Y | K110: =IF(G110="Constant","N",IF(J110="Y","Y","")) -> Y | L110: PortNo
B111: T1542455297_5G | C111: SLOTNO | D111: SLOTNO | E111: VARCHAR2(255) | F111: ID | G111: ID | H111: =IF(G111="Local Date and Hour","Start Time of Interval",IF(OR(G111="Additional Info",G111="ID"),"Attribute", IF(G111="Constant","Constant",IF(OR(G111="Counter",G111="Incremental/Decremental"),"Counter","")))) -> Attribute | I111: =VLOOKUP(B111,'3. Data Sources'!$B$4:$E$5002,4,0) -> Y | J111: =IF(OR(G111="Not Map",G111="Sequential"),"N",IF(TRIM(G111)<>"","Y","")) -> Y | K111: =IF(G111="Constant","N",IF(J111="Y","Y","")) -> Y | L111: SlotNo
B112: T1542455297_5G | C112: SubboardType | D112: SUBBOARDTYPE | E112: VARCHAR2(255) | F112: ID | G112: ID | H112: =IF(G112="Local Date and Hour","Start Time of Interval",IF(OR(G112="Additional Info",G112="ID"),"Attribute", IF(G112="Constant","Constant",IF(OR(G112="Counter",G112="Incremental/Decremental"),"Counter","")))) -> Attribute | I112: =VLOOKUP(B112,'3. Data Sources'!$B$4:$E$5002,4,0) -> Y | J112: =IF(OR(G112="Not Map",G112="Sequential"),"N",IF(TRIM(G112)<>"","Y","")) -> Y | K112: =IF(G112="Constant","N",IF(J112="Y","Y","")) -> Y | L112: SubboardType
B113: T1542455297_5G | C113: SUBRACKNO | D113: SUBRACKNO | E113: VARCHAR2(255) | F113: ID | G113: ID | H113: =IF(G113="Local Date and Hour","Start Time of Interval",IF(OR(G113="Additional Info",G113="ID"),"Attribute", IF(G113="Constant","Constant",IF(OR(G113="Counter",G113="Incremental/Decremental"),"Counter","")))) -> Attribute | I113: =VLOOKUP(B113,'3. Data Sources'!$B$4:$E$5002,4,0) -> Y | J113: =IF(OR(G113="Not Map",G113="Sequential"),"N",IF(TRIM(G113)<>"","Y","")) -> Y | K113: =IF(G113="Constant","N",IF(J113="Y","Y","")) -> Y | L113: SubrackNo
B114: T1542455297_5G | C114: USERLABEL | D114: USERLABEL | E114: VARCHAR2(256) | F114: ID | G114: Not Map | H114: Attribute | I114: =VLOOKUP(B114,'3. Data Sources'!$B$4:$E$5002,4,0) -> Y | J114: =IF(OR(G114="Not Map",G114="Sequential"),"N",IF(TRIM(G114)<>"","Y","")) -> N | K114: =IF(G114="Constant","N",IF(J114="Y","Y","")) | L114: User Label
B115: T1542455297_5G | C115: VS.FEGE.TxBytes | D115: C1542455297 | E115: NUMBER | F115: MT | G115: Counter | H115: =IF(G115="Local Date and Hour","Start Time of Interval",IF(OR(G115="Additional Info",G115="ID"),"Attribute", IF(G115="Constant","Constant",IF(OR(G115="Counter",G115="Incremental/Decremental"),"Counter","")))) -> Counter | I115: =VLOOKUP(B115,'3. Data Sources'!$B$4:$E$5002,4,0) -> Y | J115: =IF(OR(G115="Not Map",G115="Sequential"),"N",IF(TRIM(G115)<>"","Y","")) -> Y | K115: =IF(G115="Constant","N",IF(J115="Y","Y","")) -> Y
B116: T1542455297_5G | C116: VS.FEGE.TxPackets | D116: C1542455298 | E116: NUMBER | F116: MT | G116: Counter | H116: =IF(G116="Local Date and Hour","Start Time of Interval",IF(OR(G116="Additional Info",G116="ID"),"Attribute", IF(G116="Constant","Constant",IF(OR(G116="Counter",G116="Incremental/Decremental"),"Counter","")))) -> Counter | I116: =VLOOKUP(B116,'3. Data Sources'!$B$4:$E$5002,4,0) -> Y | J116: =IF(OR(G116="Not Map",G116="Sequential"),"N",IF(TRIM(G116)<>"","Y","")) -> Y | K116: =IF(G116="Constant","N",IF(J116="Y","Y","")) -> Y
B117: T1542455297_5G | C117: VS.FEGE.RxBytes | D117: C1542455299 | E117: NUMBER | F117: MT | G117: Counter | H117: =IF(G117="Local Date and Hour","Start Time of Interval",IF(OR(G117="Additional Info",G117="ID"),"Attribute", IF(G117="Constant","Constant",IF(OR(G117="Counter",G117="Incremental/Decremental"),"Counter","")))) -> Counter | I117: =VLOOKUP(B117,'3. Data Sources'!$B$4:$E$5002,4,0) -> Y | J117: =IF(OR(G117="Not Map",G117="Sequential"),"N",IF(TRIM(G117)<>"","Y","")) -> Y | K117: =IF(G117="Constant","N",IF(J117="Y","Y","")) -> Y
B118: T1542455297_5G | C118: VS.FEGE.RxPackets | D118: C1542455300 | E118: NUMBER | F118: MT | G118: Counter | H118: =IF(G118="Local Date and Hour","Start Time of Interval",IF(OR(G118="Additional Info",G118="ID"),"Attribute", IF(G118="Constant","Constant",IF(OR(G118="Counter",G118="Incremental/Decremental"),"Counter","")))) -> Counter | I118: =VLOOKUP(B118,'3. Data Sources'!$B$4:$E$5002,4,0) -> Y | J118: =IF(OR(G118="Not Map",G118="Sequential"),"N",IF(TRIM(G118)<>"","Y","")) -> Y | K118: =IF(G118="Constant","N",IF(J118="Y","Y","")) -> Y
B119: T1542455297_5G | C119: VS.FEGE.RxErrPackets | D119: C1542455301 | E119: NUMBER | F119: MT | G119: Counter | H119: =IF(G119="Local Date and Hour","Start Time of Interval",IF(OR(G119="Additional Info",G119="ID"),"Attribute", IF(G119="Constant","Constant",IF(OR(G119="Counter",G119="Incremental/Decremental"),"Counter","")))) -> Counter | I119: =VLOOKUP(B119,'3. Data Sources'!$B$4:$E$5002,4,0) -> Y | J119: =IF(OR(G119="Not Map",G119="Sequential"),"N",IF(TRIM(G119)<>"","Y","")) -> Y | K119: =IF(G119="Constant","N",IF(J119="Y","Y","")) -> Y
B120: T1542455297_5G | C120: VS.FEGE.TxMaxSpeed | D120: C1542455302 | E120: NUMBER | F120: MT | G120: Counter | H120: =IF(G120="Local Date and Hour","Start Time of Interval",IF(OR(G120="Additional Info",G120="ID"),"Attribute", IF(G120="Constant","Constant",IF(OR(G120="Counter",G120="Incremental/Decremental"),"Counter","")))) -> Counter | I120: =VLOOKUP(B120,'3. Data Sources'!$B$4:$E$5002,4,0) -> Y | J120: =IF(OR(G120="Not Map",G120="Sequential"),"N",IF(TRIM(G120)<>"","Y","")) -> Y | K120: =IF(G120="Constant","N",IF(J120="Y","Y","")) -> Y
B121: T1542455297_5G | C121: VS.FEGE.TxMinSpeed | D121: C1542455303 | E121: NUMBER | F121: MT | G121: Counter | H121: =IF(G121="Local Date and Hour","Start Time of Interval",IF(OR(G121="Additional Info",G121="ID"),"Attribute", IF(G121="Constant","Constant",IF(OR(G121="Counter",G121="Incremental/Decremental"),"Counter","")))) -> Counter | I121: =VLOOKUP(B121,'3. Data Sources'!$B$4:$E$5002,4,0) -> Y | J121: =IF(OR(G121="Not Map",G121="Sequential"),"N",IF(TRIM(G121)<>"","Y","")) -> Y | K121: =IF(G121="Constant","N",IF(J121="Y","Y","")) -> Y
B122: T1542455297_5G | C122: VS.FEGE.TxMeanSpeed | D122: C1542455304 | E122: NUMBER | F122: MT | G122: Counter | H122: =IF(G122="Local Date and Hour","Start Time of Interval",IF(OR(G122="Additional Info",G122="ID"),"Attribute", IF(G122="Constant","Constant",IF(OR(G122="Counter",G122="Incremental/Decremental"),"Counter","")))) -> Counter | I122: =VLOOKUP(B122,'3. Data Sources'!$B$4:$E$5002,4,0) -> Y | J122: =IF(OR(G122="Not Map",G122="Sequential"),"N",IF(TRIM(G122)<>"","Y","")) -> Y | K122: =IF(G122="Constant","N",IF(J122="Y","Y","")) -> Y
B123: T1542455297_5G | C123: VS.FEGE.RxMaxSpeed | D123: C1542455305 | E123: NUMBER | F123: MT | G123: Counter | H123: =IF(G123="Local Date and Hour","Start Time of Interval",IF(OR(G123="Additional Info",G123="ID"),"Attribute", IF(G123="Constant","Constant",IF(OR(G123="Counter",G123="Incremental/Decremental"),"Counter","")))) -> Counter | I123: =VLOOKUP(B123,'3. Data Sources'!$B$4:$E$5002,4,0) -> Y | J123: =IF(OR(G123="Not Map",G123="Sequential"),"N",IF(TRIM(G123)<>"","Y","")) -> Y | K123: =IF(G123="Constant","N",IF(J123="Y","Y","")) -> Y
B124: T1542455297_5G | C124: VS.FEGE.RxMinSpeed | D124: C1542455306 | E124: NUMBER | F124: MT | G124: Counter | H124: =IF(G124="Local Date and Hour","Start Time of Interval",IF(OR(G124="Additional Info",G124="ID"),"Attribute", IF(G124="Constant","Constant",IF(OR(G124="Counter",G124="Incremental/Decremental"),"Counter","")))) -> Counter | I124: =VLOOKUP(B124,'3. Data Sources'!$B$4:$E$5002,4,0) -> Y | J124: =IF(OR(G124="Not Map",G124="Sequential"),"N",IF(TRIM(G124)<>"","Y","")) -> Y | K124: =IF(G124="Constant","N",IF(J124="Y","Y","")) -> Y
B125: T1542455297_5G | C125: VS.FEGE.RxMeanSpeed | D125: C1542455307 | E125: NUMBER | F125: MT | G125: Counter | H125: =IF(G125="Local Date and Hour","Start Time of Interval",IF(OR(G125="Additional Info",G125="ID"),"Attribute", IF(G125="Constant","Constant",IF(OR(G125="Counter",G125="Incremental/Decremental"),"Counter","")))) -> Counter | I125: =VLOOKUP(B125,'3. Data Sources'!$B$4:$E$5002,4,0) -> Y | J125: =IF(OR(G125="Not Map",G125="Sequential"),"N",IF(TRIM(G125)<>"","Y","")) -> Y | K125: =IF(G125="Constant","N",IF(J125="Y","Y","")) -> Y
B126: T1542455297_5G | C126: VS.FEGE.TxTotalBW | D126: C1542460296 | E126: NUMBER | F126: MT | G126: Counter | H126: =IF(G126="Local Date and Hour","Start Time of Interval",IF(OR(G126="Additional Info",G126="ID"),"Attribute", IF(G126="Constant","Constant",IF(OR(G126="Counter",G126="Incremental/Decremental"),"Counter","")))) -> Counter | I126: =VLOOKUP(B126,'3. Data Sources'!$B$4:$E$5002,4,0) -> Y | J126: =IF(OR(G126="Not Map",G126="Sequential"),"N",IF(TRIM(G126)<>"","Y","")) -> Y | K126: =IF(G126="Constant","N",IF(J126="Y","Y","")) -> Y
B127: T1542455297_5G | C127: VS.FEGE.RxTotalBW | D127: C1542460297 | E127: NUMBER | F127: MT | G127: Counter | H127: =IF(G127="Local Date and Hour","Start Time of Interval",IF(OR(G127="Additional Info",G127="ID"),"Attribute", IF(G127="Constant","Constant",IF(OR(G127="Counter",G127="Incremental/Decremental"),"Counter","")))) -> Counter | I127: =VLOOKUP(B127,'3. Data Sources'!$B$4:$E$5002,4,0) -> Y | J127: =IF(OR(G127="Not Map",G127="Sequential"),"N",IF(TRIM(G127)<>"","Y","")) -> Y | K127: =IF(G127="Constant","N",IF(J127="Y","Y","")) -> Y
B128: T1542455297_5G | C128: granularityPeriod | D128: GRANULARITYPERIOD | E128: NUMBER | F128: MT | G128: Counter | H128: =IF(G128="Local Date and Hour","Start Time of Interval",IF(OR(G128="Additional Info",G128="ID"),"Attribute", IF(G128="Constant","Constant",IF(OR(G128="Counter",G128="Incremental/Decremental"),"Counter","")))) -> Counter | I128: =VLOOKUP(B128,'3. Data Sources'!$B$4:$E$5002,4,0) -> Y | J128: =IF(OR(G128="Not Map",G128="Sequential"),"N",IF(TRIM(G128)<>"","Y","")) -> Y | K128: =IF(G128="Constant","N",IF(J128="Y","Y","")) -> Y | L128: Interval when PM data is collected (60 min24 hours)
B129: T1542455297_5G | C129: MEASUREDOBJECTID | D129: MEASUREDOBJECTID | E129: VARCHAR2(256) | F129: PK | G129: Not Map | H129: Attribute | I129: =VLOOKUP(B129,'3. Data Sources'!$B$4:$E$5002,4,0) -> Y | J129: =IF(OR(G129="Not Map",G129="Sequential"),"N",IF(TRIM(G129)<>"","Y","")) -> N | K129: =IF(G129="Constant","N",IF(J129="Y","Y","")) | L129: ID Object Name
B130: T1542455297_5G | C130: RESULTTIME | D130: RESULTTIME | E130: TIMESTAMP(3) | F130: PK | G130: Local Date and Hour | H130: =IF(G130="Local Date and Hour","Start Time of Interval",IF(OR(G130="Additional Info",G130="ID"),"Attribute", IF(G130="Constant","Constant",IF(OR(G130="Counter",G130="Incremental/Decremental"),"Counter","")))) -> Start Time of Interval | I130: =VLOOKUP(B130,'3. Data Sources'!$B$4:$E$5002,4,0) -> Y | J130: =IF(OR(G130="Not Map",G130="Sequential"),"N",IF(TRIM(G130)<>"","Y","")) -> Y | K130: =IF(G130="Constant","N",IF(J130="Y","Y","")) -> Y | L130: Date and time for the PM record (YYYY-MM-DD HH:MM:SS)
B131: T1542455302_5G | C131: DST | D131: DST | E131: VARCHAR(256) | F131: - | G131: Constant | H131: =IF(G131="Local Date and Hour","Start Time of Interval",IF(OR(G131="Additional Info",G131="ID"),"Attribute", IF(G131="Constant","Constant",IF(OR(G131="Counter",G131="Incremental/Decremental"),"Counter","")))) -> Constant | I131: =VLOOKUP(B131,'3. Data Sources'!$B$4:$E$5002,4,0) -> Y | J131: =IF(OR(G131="Not Map",G131="Sequential"),"N",IF(TRIM(G131)<>"","Y","")) -> Y | K131: =IF(G131="Constant","N",IF(J131="Y","Y","")) -> N | M131: RAN
B132: T1542455302_5G | C132: PLMN | D132: PLMN | E132: VARCHAR(256) | F132: - | G132: Constant | H132: =IF(G132="Local Date and Hour","Start Time of Interval",IF(OR(G132="Additional Info",G132="ID"),"Attribute", IF(G132="Constant","Constant",IF(OR(G132="Counter",G132="Incremental/Decremental"),"Counter","")))) -> Constant | I132: =VLOOKUP(B132,'3. Data Sources'!$B$4:$E$5002,4,0) -> Y | J132: =IF(OR(G132="Not Map",G132="Sequential"),"N",IF(TRIM(G132)<>"","Y","")) -> Y | K132: =IF(G132="Constant","N",IF(J132="Y","Y","")) -> N | M132: VIVO
B133: T1542455302_5G | C133: ELEMENTTYPE | D133: ELEMENTTYPE | E133: VARCHAR2(256) | F133: ID | G133: Not Map | H133: =IF(G133="Local Date and Hour","Start Time of Interval",IF(OR(G133="Additional Info",G133="ID"),"Attribute", IF(G133="Constant","Constant",IF(OR(G133="Counter",G133="Incremental/Decremental"),"Counter","")))) | I133: =VLOOKUP(B133,'3. Data Sources'!$B$4:$E$5002,4,0) -> Y | J133: =IF(OR(G133="Not Map",G133="Sequential"),"N",IF(TRIM(G133)<>"","Y","")) -> N | K133: =IF(G133="Constant","N",IF(J133="Y","Y","")) | L133: Element Type
B134: T1542455302_5G | C134: END_TIME | D134: END_TIME | E134: TIMESTAMP(3) | F134: ID | G134: Not Map | H134: =IF(G134="Local Date and Hour","Start Time of Interval",IF(OR(G134="Additional Info",G134="ID"),"Attribute", IF(G134="Constant","Constant",IF(OR(G134="Counter",G134="Incremental/Decremental"),"Counter","")))) | I134: =VLOOKUP(B134,'3. Data Sources'!$B$4:$E$5002,4,0) -> Y | J134: =IF(OR(G134="Not Map",G134="Sequential"),"N",IF(TRIM(G134)<>"","Y","")) -> N | K134: =IF(G134="Constant","N",IF(J134="Y","Y","")) | L134: End Date and time for the PM record (YYYY-MM-DD HH:MM:SS)
B135: T1542455302_5G | C135: IPPATHID | D135: IPPATHID | E135: VARCHAR2(255) | F135: ID | G135: ID | H135: =IF(G135="Local Date and Hour","Start Time of Interval",IF(OR(G135="Additional Info",G135="ID"),"Attribute", IF(G135="Constant","Constant",IF(OR(G135="Counter",G135="Incremental/Decremental"),"Counter","")))) -> Attribute | I135: =VLOOKUP(B135,'3. Data Sources'!$B$4:$E$5002,4,0) -> Y | J135: =IF(OR(G135="Not Map",G135="Sequential"),"N",IF(TRIM(G135)<>"","Y","")) -> Y | K135: =IF(G135="Constant","N",IF(J135="Y","Y","")) -> Y
B136: T1542455302_5G | C136: Object | D136: OBJECT | E136: VARCHAR2(255) | F136: ID | G136: ID | H136: =IF(G136="Local Date and Hour","Start Time of Interval",IF(OR(G136="Additional Info",G136="ID"),"Attribute", IF(G136="Constant","Constant",IF(OR(G136="Counter",G136="Incremental/Decremental"),"Counter","")))) -> Attribute | I136: =VLOOKUP(B136,'3. Data Sources'!$B$4:$E$5002,4,0) -> Y | J136: =IF(OR(G136="Not Map",G136="Sequential"),"N",IF(TRIM(G136)<>"","Y","")) -> Y | K136: =IF(G136="Constant","N",IF(J136="Y","Y","")) -> Y | L136: Object
B137: T1542455302_5G | C137: USERLABEL | D137: USERLABEL | E137: VARCHAR2(256) | F137: ID | G137: Not Map | H137: =IF(G137="Local Date and Hour","Start Time of Interval",IF(OR(G137="Additional Info",G137="ID"),"Attribute", IF(G137="Constant","Constant",IF(OR(G137="Counter",G137="Incremental/Decremental"),"Counter","")))) | I137: =VLOOKUP(B137,'3. Data Sources'!$B$4:$E$5002,4,0) -> Y | J137: =IF(OR(G137="Not Map",G137="Sequential"),"N",IF(TRIM(G137)<>"","Y","")) -> N | K137: =IF(G137="Constant","N",IF(J137="Y","Y",""))
B138: T1542455302_5G | C138: VS.IPPath.TxRtPkts | D138: C1542455392 | E138: NUMBER | F138: MT | G138: Counter | H138: =IF(G138="Local Date and Hour","Start Time of Interval",IF(OR(G138="Additional Info",G138="ID"),"Attribute", IF(G138="Constant","Constant",IF(OR(G138="Counter",G138="Incremental/Decremental"),"Counter","")))) -> Counter | I138: =VLOOKUP(B138,'3. Data Sources'!$B$4:$E$5002,4,0) -> Y | J138: =IF(OR(G138="Not Map",G138="Sequential"),"N",IF(TRIM(G138)<>"","Y","")) -> Y | K138: =IF(G138="Constant","N",IF(J138="Y","Y","")) -> Y
B139: T1542455302_5G | C139: VS.IPPath.TxRtBytes | D139: C1542455393 | E139: NUMBER | F139: MT | G139: Counter | H139: =IF(G139="Local Date and Hour","Start Time of Interval",IF(OR(G139="Additional Info",G139="ID"),"Attribute", IF(G139="Constant","Constant",IF(OR(G139="Counter",G139="Incremental/Decremental"),"Counter","")))) -> Counter | I139: =VLOOKUP(B139,'3. Data Sources'!$B$4:$E$5002,4,0) -> Y | J139: =IF(OR(G139="Not Map",G139="Sequential"),"N",IF(TRIM(G139)<>"","Y","")) -> Y | K139: =IF(G139="Constant","N",IF(J139="Y","Y","")) -> Y
B140: T1542455302_5G | C140: VS.IPPath.RxRtPkts | D140: C1542455396 | E140: NUMBER | F140: MT | G140: Counter | H140: =IF(G140="Local Date and Hour","Start Time of Interval",IF(OR(G140="Additional Info",G140="ID"),"Attribute", IF(G140="Constant","Constant",IF(OR(G140="Counter",G140="Incremental/Decremental"),"Counter","")))) -> Counter | I140: =VLOOKUP(B140,'3. Data Sources'!$B$4:$E$5002,4,0) -> Y | J140: =IF(OR(G140="Not Map",G140="Sequential"),"N",IF(TRIM(G140)<>"","Y","")) -> Y | K140: =IF(G140="Constant","N",IF(J140="Y","Y","")) -> Y
B141: T1542455302_5G | C141: VS.IPPath.RxRtBytes | D141: C1542455397 | E141: NUMBER | F141: MT | G141: Counter | H141: =IF(G141="Local Date and Hour","Start Time of Interval",IF(OR(G141="Additional Info",G141="ID"),"Attribute", IF(G141="Constant","Constant",IF(OR(G141="Counter",G141="Incremental/Decremental"),"Counter","")))) -> Counter | I141: =VLOOKUP(B141,'3. Data Sources'!$B$4:$E$5002,4,0) -> Y | J141: =IF(OR(G141="Not Map",G141="Sequential"),"N",IF(TRIM(G141)<>"","Y","")) -> Y | K141: =IF(G141="Constant","N",IF(J141="Y","Y","")) -> Y
B142: T1542455302_5G | C142: VS.IPPath.TxNrtPkts | D142: C1542455400 | E142: NUMBER | F142: MT | G142: Counter | H142: =IF(G142="Local Date and Hour","Start Time of Interval",IF(OR(G142="Additional Info",G142="ID"),"Attribute", IF(G142="Constant","Constant",IF(OR(G142="Counter",G142="Incremental/Decremental"),"Counter","")))) -> Counter | I142: =VLOOKUP(B142,'3. Data Sources'!$B$4:$E$5002,4,0) -> Y | J142: =IF(OR(G142="Not Map",G142="Sequential"),"N",IF(TRIM(G142)<>"","Y","")) -> Y | K142: =IF(G142="Constant","N",IF(J142="Y","Y","")) -> Y
...

Sheet 3. Data Sources Map
B2: 3. Data Sources Map
B4: Enrichment Table Name | C4: Enrichment Attribute Name | D4: Enrichment Attribute Physical Name | E4: DBNO Table Name | F4: DBN0 Attribute Name | G4: DBN0 Attribute Physical Name | H4: Metrics Join Type | I4: Table Visible In Metrics | J4: AdHoc Join Type
B5: ENR_RADIO_5G_GNODEB | C5: NE_NAME | D5: =IF(ISERROR(MATCH(B5&"_"&C5,AuxData!$X:$X,0)),"",IF(LOOKUP(B5&"_"&C5,AuxData!$X:$X,AuxData!$Y:$Y)="","Not defined",LOOKUP(B5&"_"&C5,AuxData!$X:$X,AuxData!$Y:$Y))) -> NE_NAME | E5: T1526726682_5G | F5: Object | G5: =IF(ISERROR(MATCH(E5&"_"&F5,AuxData!$X:$X,0)),"",IF(LOOKUP(E5&"_"&F5,AuxData!$X:$X,AuxData!$Y:$Y)="","Not defined",LOOKUP(E5&"_"&F5,AuxData!$X:$X,AuxData!$Y:$Y))) -> OBJECT | H5: Inner | I5: =IF(ISERROR(MATCH($E5,'3. Data Sources'!$B$5:$B$210,0)),"ERROR",LOOKUP($E5,'3. Data Sources'!$B$5:$B$210,'3. Data Sources'!$E$5:$E$210)) -> Y | J5: Left Outer
B6: ENR_RADIO_5G_GNODEB | C6: NE_NAME | D6: =IF(ISERROR(MATCH(B6&"_"&C6,AuxData!$X:$X,0)),"",IF(LOOKUP(B6&"_"&C6,AuxData!$X:$X,AuxData!$Y:$Y)="","Not defined",LOOKUP(B6&"_"&C6,AuxData!$X:$X,AuxData!$Y:$Y))) -> NE_NAME | E6: T1542455297_5G | F6: Object | G6: =IF(ISERROR(MATCH(E6&"_"&F6,AuxData!$X:$X,0)),"",IF(LOOKUP(E6&"_"&F6,AuxData!$X:$X,AuxData!$Y:$Y)="","Not defined",LOOKUP(E6&"_"&F6,AuxData!$X:$X,AuxData!$Y:$Y))) -> OBJECT | H6: =IF(I6="Y","Inner","") -> Inner | I6: =IF(ISERROR(MATCH($E6,'3. Data Sources'!$B$5:$B$210,0)),"ERROR",LOOKUP($E6,'3. Data Sources'!$B$5:$B$210,'3. Data Sources'!$E$5:$E$210)) -> Y | J6: Left Outer
B7: ENR_RADIO_4G5G_HUA_IPPATH | C7: IPPATH | D7: =IF(ISERROR(MATCH(B7&"_"&C7,AuxData!$X:$X,0)),"",IF(LOOKUP(B7&"_"&C7,AuxData!$X:$X,AuxData!$Y:$Y)="","Not defined",LOOKUP(B7&"_"&C7,AuxData!$X:$X,AuxData!$Y:$Y))) -> IPPATH | E7: T1542455302_5G | F7: IPPATHID | G7: =IF(ISERROR(MATCH(E7&"_"&F7,AuxData!$X:$X,0)),"",IF(LOOKUP(E7&"_"&F7,AuxData!$X:$X,AuxData!$Y:$Y)="","Not defined",LOOKUP(E7&"_"&F7,AuxData!$X:$X,AuxData!$Y:$Y))) -> IPPATHID | H7: =IF(I7="Y","Inner","") -> Inner | I7: =IF(ISERROR(MATCH($E7,'3. Data Sources'!$B$5:$B$210,0)),"ERROR",LOOKUP($E7,'3. Data Sources'!$B$5:$B$210,'3. Data Sources'!$E$5:$E$210)) -> Y | J7: Left Outer
B8: ENR_RADIO_4G5G_HUA_IPPATH | C8: NE_NAME | D8: =IF(ISERROR(MATCH(B8&"_"&C8,AuxData!$X:$X,0)),"",IF(LOOKUP(B8&"_"&C8,AuxData!$X:$X,AuxData!$Y:$Y)="","Not defined",LOOKUP(B8&"_"&C8,AuxData!$X:$X,AuxData!$Y:$Y))) -> NE_NAME | E8: T1542455302_5G | F8: Object | G8: =IF(ISERROR(MATCH(E8&"_"&F8,AuxData!$X:$X,0)),"",IF(LOOKUP(E8&"_"&F8,AuxData!$X:$X,AuxData!$Y:$Y)="","Not defined",LOOKUP(E8&"_"&F8,AuxData!$X:$X,AuxData!$Y:$Y))) -> OBJECT | H8: =IF(I8="Y","Inner","") -> Inner | I8: =IF(ISERROR(MATCH($E8,'3. Data Sources'!$B$5:$B$210,0)),"ERROR",LOOKUP($E8,'3. Data Sources'!$B$5:$B$210,'3. Data Sources'!$E$5:$E$210)) -> Y | J8: Left Outer
B9: ENR_RADIO_5G_GNODEB | C9: NE_NAME | D9: =IF(ISERROR(MATCH(B9&"_"&C9,AuxData!$X:$X,0)),"",IF(LOOKUP(B9&"_"&C9,AuxData!$X:$X,AuxData!$Y:$Y)="","Not defined",LOOKUP(B9&"_"&C9,AuxData!$X:$X,AuxData!$Y:$Y))) -> NE_NAME | E9: T1542455302_5G | F9: Object | G9: =IF(ISERROR(MATCH(E9&"_"&F9,AuxData!$X:$X,0)),"",IF(LOOKUP(E9&"_"&F9,AuxData!$X:$X,AuxData!$Y:$Y)="","Not defined",LOOKUP(E9&"_"&F9,AuxData!$X:$X,AuxData!$Y:$Y))) -> OBJECT | H9: =IF(I9="Y","Inner","") -> Inner | I9: =IF(ISERROR(MATCH($E9,'3. Data Sources'!$B$5:$B$210,0)),"ERROR",LOOKUP($E9,'3. Data Sources'!$B$5:$B$210,'3. Data Sources'!$E$5:$E$210)) -> Y | J9: Left Outer
B10: ENR_RADIO_5G_GNODEB | C10: NE_NAME | D10: =IF(ISERROR(MATCH(B10&"_"&C10,AuxData!$X:$X,0)),"",IF(LOOKUP(B10&"_"&C10,AuxData!$X:$X,AuxData!$Y:$Y)="","Not defined",LOOKUP(B10&"_"&C10,AuxData!$X:$X,AuxData!$Y:$Y))) -> NE_NAME | E10: T1542455309_5G | F10: Object | G10: =IF(ISERROR(MATCH(E10&"_"&F10,AuxData!$X:$X,0)),"",IF(LOOKUP(E10&"_"&F10,AuxData!$X:$X,AuxData!$Y:$Y)="","Not defined",LOOKUP(E10&"_"&F10,AuxData!$X:$X,AuxData!$Y:$Y))) -> OBJECT | H10: =IF(I10="Y","Inner","") -> Inner | I10: =IF(ISERROR(MATCH($E10,'3. Data Sources'!$B$5:$B$210,0)),"ERROR",LOOKUP($E10,'3. Data Sources'!$B$5:$B$210,'3. Data Sources'!$E$5:$E$210)) -> Y | J10: Left Outer
B11: ENR_RADIO_4G5G_HUA_SCTP | C11: LinkNo | D11: =IF(ISERROR(MATCH(B11&"_"&C11,AuxData!$X:$X,0)),"",IF(LOOKUP(B11&"_"&C11,AuxData!$X:$X,AuxData!$Y:$Y)="","Not defined",LOOKUP(B11&"_"&C11,AuxData!$X:$X,AuxData!$Y:$Y))) -> LINKNO | E11: T1542455817_5G | F11: LinkNo | G11: =IF(ISERROR(MATCH(E11&"_"&F11,AuxData!$X:$X,0)),"",IF(LOOKUP(E11&"_"&F11,AuxData!$X:$X,AuxData!$Y:$Y)="","Not defined",LOOKUP(E11&"_"&F11,AuxData!$X:$X,AuxData!$Y:$Y))) -> LINKNO | H11: =IF(I11="Y","Inner","") -> Inner | I11: =IF(ISERROR(MATCH($E11,'3. Data Sources'!$B$5:$B$210,0)),"ERROR",LOOKUP($E11,'3. Data Sources'!$B$5:$B$210,'3. Data Sources'!$E$5:$E$210)) -> Y | J11: Left Outer
B12: ENR_RADIO_4G5G_HUA_SCTP | C12: NE_NAME | D12: =IF(ISERROR(MATCH(B12&"_"&C12,AuxData!$X:$X,0)),"",IF(LOOKUP(B12&"_"&C12,AuxData!$X:$X,AuxData!$Y:$Y)="","Not defined",LOOKUP(B12&"_"&C12,AuxData!$X:$X,AuxData!$Y:$Y))) -> NE_NAME | E12: T1542455817_5G | F12: Object | G12: =IF(ISERROR(MATCH(E12&"_"&F12,AuxData!$X:$X,0)),"",IF(LOOKUP(E12&"_"&F12,AuxData!$X:$X,AuxData!$Y:$Y)="","Not defined",LOOKUP(E12&"_"&F12,AuxData!$X:$X,AuxData!$Y:$Y))) -> OBJECT | H12: =IF(I12="Y","Inner","") -> Inner | I12: =IF(ISERROR(MATCH($E12,'3. Data Sources'!$B$5:$B$210,0)),"ERROR",LOOKUP($E12,'3. Data Sources'!$B$5:$B$210,'3. Data Sources'!$E$5:$E$210)) -> Y | J12: Left Outer
B13: ENR_RADIO_5G_GNODEB | C13: NE_NAME | D13: =IF(ISERROR(MATCH(B13&"_"&C13,AuxData!$X:$X,0)),"",IF(LOOKUP(B13&"_"&C13,AuxData!$X:$X,AuxData!$Y:$Y)="","Not defined",LOOKUP(B13&"_"&C13,AuxData!$X:$X,AuxData!$Y:$Y))) -> NE_NAME | E13: T1542455817_5G | F13: Object | G13: =IF(ISERROR(MATCH(E13&"_"&F13,AuxData!$X:$X,0)),"",IF(LOOKUP(E13&"_"&F13,AuxData!$X:$X,AuxData!$Y:$Y)="","Not defined",LOOKUP(E13&"_"&F13,AuxData!$X:$X,AuxData!$Y:$Y))) -> OBJECT | H13: =IF(I13="Y","Inner","") -> Inner | I13: =IF(ISERROR(MATCH($E13,'3. Data Sources'!$B$5:$B$210,0)),"ERROR",LOOKUP($E13,'3. Data Sources'!$B$5:$B$210,'3. Data Sources'!$E$5:$E$210)) -> Y | J13: Left Outer
B14: ENR_RADIO_5G_GNODEB | C14: NE_NAME | D14: =IF(ISERROR(MATCH(B14&"_"&C14,AuxData!$X:$X,0)),"",IF(LOOKUP(B14&"_"&C14,AuxData!$X:$X,AuxData!$Y:$Y)="","Not defined",LOOKUP(B14&"_"&C14,AuxData!$X:$X,AuxData!$Y:$Y))) -> NE_NAME | E14: T1542455821_5G | F14: Object | G14: =IF(ISERROR(MATCH(E14&"_"&F14,AuxData!$X:$X,0)),"",IF(LOOKUP(E14&"_"&F14,AuxData!$X:$X,AuxData!$Y:$Y)="","Not defined",LOOKUP(E14&"_"&F14,AuxData!$X:$X,AuxData!$Y:$Y))) | H14: =IF(I14="Y","Inner","") -> Inner | I14: =IF(ISERROR(MATCH($E14,'3. Data Sources'!$B$5:$B$210,0)),"ERROR",LOOKUP($E14,'3. Data Sources'!$B$5:$B$210,'3. Data Sources'!$E$5:$E$210)) -> Y | J14: Left Outer
B15: ENR_RADIO_5G_GNODEB | C15: NE_NAME | D15: =IF(ISERROR(MATCH(B15&"_"&C15,AuxData!$X:$X,0)),"",IF(LOOKUP(B15&"_"&C15,AuxData!$X:$X,AuxData!$Y:$Y)="","Not defined",LOOKUP(B15&"_"&C15,AuxData!$X:$X,AuxData!$Y:$Y))) -> NE_NAME | E15: T1542455822_5G | F15: Object | G15: =IF(ISERROR(MATCH(E15&"_"&F15,AuxData!$X:$X,0)),"",IF(LOOKUP(E15&"_"&F15,AuxData!$X:$X,AuxData!$Y:$Y)="","Not defined",LOOKUP(E15&"_"&F15,AuxData!$X:$X,AuxData!$Y:$Y))) | H15: =IF(I15="Y","Inner","") -> Inner | I15: =IF(ISERROR(MATCH($E15,'3. Data Sources'!$B$5:$B$210,0)),"ERROR",LOOKUP($E15,'3. Data Sources'!$B$5:$B$210,'3. Data Sources'!$E$5:$E$210)) -> Y | J15: Left Outer
B16: ENR_RADIO_5G_GNODEB | C16: NE_NAME | D16: =IF(ISERROR(MATCH(B16&"_"&C16,AuxData!$X:$X,0)),"",IF(LOOKUP(B16&"_"&C16,AuxData!$X:$X,AuxData!$Y:$Y)="","Not defined",LOOKUP(B16&"_"&C16,AuxData!$X:$X,AuxData!$Y:$Y))) -> NE_NAME | E16: T1593835529_5G | F16: Object | G16: =IF(ISERROR(MATCH(E16&"_"&F16,AuxData!$X:$X,0)),"",IF(LOOKUP(E16&"_"&F16,AuxData!$X:$X,AuxData!$Y:$Y)="","Not defined",LOOKUP(E16&"_"&F16,AuxData!$X:$X,AuxData!$Y:$Y))) -> OBJECT | H16: =IF(I16="Y","Inner","") -> Inner | I16: =IF(ISERROR(MATCH($E16,'3. Data Sources'!$B$5:$B$210,0)),"ERROR",LOOKUP($E16,'3. Data Sources'!$B$5:$B$210,'3. Data Sources'!$E$5:$E$210)) -> Y | J16: Left Outer
B17: ENR_RADIO_5G_GNODEB | C17: NE_NAME | D17: =IF(ISERROR(MATCH(B17&"_"&C17,AuxData!$X:$X,0)),"",IF(LOOKUP(B17&"_"&C17,AuxData!$X:$X,AuxData!$Y:$Y)="","Not defined",LOOKUP(B17&"_"&C17,AuxData!$X:$X,AuxData!$Y:$Y))) -> NE_NAME | E17: T1593835531_5G | F17: Object | G17: =IF(ISERROR(MATCH(E17&"_"&F17,AuxData!$X:$X,0)),"",IF(LOOKUP(E17&"_"&F17,AuxData!$X:$X,AuxData!$Y:$Y)="","Not defined",LOOKUP(E17&"_"&F17,AuxData!$X:$X,AuxData!$Y:$Y))) -> OBJECT | H17: =IF(I17="Y","Inner","") -> Inner | I17: =IF(ISERROR(MATCH($E17,'3. Data Sources'!$B$5:$B$210,0)),"ERROR",LOOKUP($E17,'3. Data Sources'!$B$5:$B$210,'3. Data Sources'!$E$5:$E$210)) -> Y | J17: Left Outer
... B36: ENR_RADIO_5G_CELLS | C36: INVCELL | D36: =IF(ISERROR(MATCH(B36&"_"&C36,AuxData!$X:$X,0)),"",IF(LOOKUP(B36&"_"&C36,AuxData!$X:$X,AuxData!$Y:$Y)="","Not defined",LOOKUP(B36&"_"&C36,AuxData!$X:$X,AuxData!$Y:$Y))) -> INVCELL | E36: T1911816269 | F36: INVCELL | G36: =IF(ISERROR(MATCH(E36&"_"&F36,AuxData!$X:$X,0)),"",IF(LOOKUP(E36&"_"&F36,AuxData!$X:$X,AuxData!$Y:$Y)="","Not defined",LOOKUP(E36&"_"&F36,AuxData!$X:$X,AuxData!$Y:$Y))) -> INVCELL | H36: =IF(I36="Y","Inner","") -> Inner | I36: =IF(ISERROR(MATCH($E36,'3. Data Sources'!$B$5:$B$210,0)),"ERROR",LOOKUP($E36,'3. Data Sources'!$B$5:$B$210,'3. Data Sources'!$E$5:$E$210)) -> Y | J36: Left Outer
B37: ENR_RADIO_5G_CELLS | C37: INVCELL | D37: =IF(ISERROR(MATCH(B37&"_"&C37,AuxData!$X:$X,0)),"",IF(LOOKUP(B37&"_"&C37,AuxData!$X:$X,AuxData!$Y:$Y)="","Not defined",LOOKUP(B37&"_"&C37,AuxData!$X:$X,AuxData!$Y:$Y))) -> INVCELL | E37: T1911816271_CQI1 | F37: INVCELL | G37: =IF(ISERROR(MATCH(E37&"_"&F37,AuxData!$X:$X,0)),"",IF(LOOKUP(E37&"_"&F37,AuxData!$X:$X,AuxData!$Y:$Y)="","Not defined",LOOKUP(E37&"_"&F37,AuxData!$X:$X,AuxData!$Y:$Y))) -> INVCELL | H37: Inner | I37: =IF(ISERROR(MATCH($E37,'3. Data Sources'!$B$5:$B$210,0)),"ERROR",LOOKUP($E37,'3. Data Sources'!$B$5:$B$210,'3. Data Sources'!$E$5:$E$210)) -> Y | J37: Left Outer
B38: ENR_RADIO_5G_CELLS | C38: INVCELL | D38: =IF(ISERROR(MATCH(B38&"_"&C38,AuxData!$X:$X,0)),"",IF(LOOKUP(B38&"_"&C38,AuxData!$X:$X,AuxData!$Y:$Y)="","Not defined",LOOKUP(B38&"_"&C38,AuxData!$X:$X,AuxData!$Y:$Y))) -> INVCELL | E38: T1911816271_CQI5 | F38: INVCELL | G38: =IF(ISERROR(MATCH(E38&"_"&F38,AuxData!$X:$X,0)),"",IF(LOOKUP(E38&"_"&F38,AuxData!$X:$X,AuxData!$Y:$Y)="","Not defined",LOOKUP(E38&"_"&F38,AuxData!$X:$X,AuxData!$Y:$Y))) -> INVCELL | H38: Inner | I38: =IF(ISERROR(MATCH($E38,'3. Data Sources'!$B$5:$B$210,0)),"ERROR",LOOKUP($E38,'3. Data Sources'!$B$5:$B$210,'3. Data Sources'!$E$5:$E$210)) -> Y | J38: Left Outer
B39: ENR_RADIO_5G_CELLS | C39: INVCELL | D39: =IF(ISERROR(MATCH(B39&"_"&C39,AuxData!$X:$X,0)),"",IF(LOOKUP(B39&"_"&C39,AuxData!$X:$X,AuxData!$Y:$Y)="","Not defined",LOOKUP(B39&"_"&C39,AuxData!$X:$X,AuxData!$Y:$Y))) -> INVCELL | E39: T1911816271_CQI9 | F39: INVCELL | G39: =IF(ISERROR(MATCH(E39&"_"&F39,AuxData!$X:$X,0)),"",IF(LOOKUP(E39&"_"&F39,AuxData!$X:$X,AuxData!$Y:$Y)="","Not defined",LOOKUP(E39&"_"&F39,AuxData!$X:$X,AuxData!$Y:$Y))) -> INVCELL | H39: Inner | I39: =IF(ISERROR(MATCH($E39,'3. Data Sources'!$B$5:$B$210,0)),"ERROR",LOOKUP($E39,'3. Data Sources'!$B$5:$B$210,'3. Data Sources'!$E$5:$E$210)) -> Y | J39: Left Outer
B40: ENR_RADIO_5G_CELLS | C40: INVCELL | D40: =IF(ISERROR(MATCH(B40&"_"&C40,AuxData!$X:$X,0)),"",IF(LOOKUP(B40&"_"&C40,AuxData!$X:$X,AuxData!$Y:$Y)="","Not defined",LOOKUP(B40&"_"&C40,AuxData!$X:$X,AuxData!$Y:$Y))) -> INVCELL | E40: T1911816273 | F40: INVCELL | G40: =IF(ISERROR(MATCH(E40&"_"&F40,AuxData!$X:$X,0)),"",IF(LOOKUP(E40&"_"&F40,AuxData!$X:$X,AuxData!$Y:$Y)="","Not defined",LOOKUP(E40&"_"&F40,AuxData!$X:$X,AuxData!$Y:$Y))) -> INVCELL | H40: =IF(I40="Y","Inner","") -> Inner | I40: =IF(ISERROR(MATCH($E40,'3. Data Sources'!$B$5:$B$210,0)),"ERROR",LOOKUP($E40,'3. Data Sources'!$B$5:$B$210,'3. Data Sources'!$E$5:$E$210)) -> Y | J40: Left Outer
B41: ENR_RADIO_5G_CELLS | C41: INVCELL | D41: =IF(ISERROR(MATCH(B41&"_"&C41,AuxData!$X:$X,0)),"",IF(LOOKUP(B41&"_"&C41,AuxData!$X:$X,AuxData!$Y:$Y)="","Not defined",LOOKUP(B41&"_"&C41,AuxData!$X:$X,AuxData!$Y:$Y))) -> INVCELL | E41: T1911816274 | F41: INVCELL | G41: =IF(ISERROR(MATCH(E41&"_"&F41,AuxData!$X:$X,0)),"",IF(LOOKUP(E41&"_"&F41,AuxData!$X:$X,AuxData!$Y:$Y)="","Not defined",LOOKUP(E41&"_"&F41,AuxData!$X:$X,AuxData!$Y:$Y))) -> INVCELL | H41: =IF(I41="Y","Inner","") -> Inner | I41: =IF(ISERROR(MATCH($E41,'3. Data Sources'!$B$5:$B$210,0)),"ERROR",LOOKUP($E41,'3. Data Sources'!$B$5:$B$210,'3. Data Sources'!$E$5:$E$210)) -> Y | J41: Left Outer
B42: ENR_RADIO_5G_CELLS | C42: INVCELL | D42: =IF(ISERROR(MATCH(B42&"_"&C42,AuxData!$X:$X,0)),"",IF(LOOKUP(B42&"_"&C42,AuxData!$X:$X,AuxData!$Y:$Y)="","Not defined",LOOKUP(B42&"_"&C42,AuxData!$X:$X,AuxData!$Y:$Y))) -> INVCELL | E42: T1911816277 | F42: INVCELL | G42: =IF(ISERROR(MATCH(E42&"_"&F42,AuxData!$X:$X,0)),"",IF(LOOKUP(E42&"_"&F42,AuxData!$X:$X,AuxData!$Y:$Y)="","Not defined",LOOKUP(E42&"_"&F42,AuxData!$X:$X,AuxData!$Y:$Y))) -> INVCELL | H42: =IF(I42="Y","Inner","") -> Inner | I42: =IF(ISERROR(MATCH($E42,'3. Data Sources'!$B$5:$B$210,0)),"ERROR",LOOKUP($E42,'3. Data Sources'!$B$5:$B$210,'3. Data Sources'!$E$5:$E$210)) -> Y | J42: Left Outer
B43: ENR_RADIO_5G_CELLS | C43: INVCELL | D43: =IF(ISERROR(MATCH(B43&"_"&C43,AuxData!$X:$X,0)),"",IF(LOOKUP(B43&"_"&C43,AuxData!$X:$X,AuxData!$Y:$Y)="","Not defined",LOOKUP(B43&"_"&C43,AuxData!$X:$X,AuxData!$Y:$Y))) -> INVCELL | E43: T1911816281 | F43: INVCELL | G43: =IF(ISERROR(MATCH(E43&"_"&F43,AuxData!$X:$X,0)),"",IF(LOOKUP(E43&"_"&F43,AuxData!$X:$X,AuxData!$Y:$Y)="","Not defined",LOOKUP(E43&"_"&F43,AuxData!$X:$X,AuxData!$Y:$Y))) -> INVCELL | H43: =IF(I43="Y","Inner","") -> Inner | I43: =IF(ISERROR(MATCH($E43,'3. Data Sources'!$B$5:$B$210,0)),"ERROR",LOOKUP($E43,'3. Data Sources'!$B$5:$B$210,'3. Data Sources'!$E$5:$E$210)) -> Y | J43: Left Outer
B44: ENR_RADIO_5G_CELLS | C44: INVCELL | D44: =IF(ISERROR(MATCH(B44&"_"&C44,AuxData!$X:$X,0)),"",IF(LOOKUP(B44&"_"&C44,AuxData!$X:$X,AuxData!$Y:$Y)="","Not defined",LOOKUP(B44&"_"&C44,AuxData!$X:$X,AuxData!$Y:$Y))) -> INVCELL | E44: T1911816285 | F44: INVCELL | G44: =IF(ISERROR(MATCH(E44&"_"&F44,AuxData!$X:$X,0)),"",IF(LOOKUP(E44&"_"&F44,AuxData!$X:$X,AuxData!$Y:$Y)="","Not defined",LOOKUP(E44&"_"&F44,AuxData!$X:$X,AuxData!$Y:$Y))) -> INVCELL | H44: =IF(I44="Y","Inner","") -> Inner | I44: =IF(ISERROR(MATCH($E44,'3. Data Sources'!$B$5:$B$210,0)),"ERROR",LOOKUP($E44,'3. Data Sources'!$B$5:$B$210,'3. Data Sources'!$E$5:$E$210)) -> Y | J44: Left Outer
B45: ENR_RADIO_5G_CELLS | C45: INVCELL | D45: =IF(ISERROR(MATCH(B45&"_"&C45,AuxData!$X:$X,0)),"",IF(LOOKUP(B45&"_"&C45,AuxData!$X:$X,AuxData!$Y:$Y)="","Not defined",LOOKUP(B45&"_"&C45,AuxData!$X:$X,AuxData!$Y:$Y))) -> INVCELL | E45: T1911816286 | F45: INVCELL | G45: =IF(ISERROR(MATCH(E45&"_"&F45,AuxData!$X:$X,0)),"",IF(LOOKUP(E45&"_"&F45,AuxData!$X:$X,AuxData!$Y:$Y)="","Not defined",LOOKUP(E45&"_"&F45,AuxData!$X:$X,AuxData!$Y:$Y))) -> INVCELL | H45: =IF(I45="Y","Inner","") -> Inner | I45: =IF(ISERROR(MATCH($E45,'3. Data Sources'!$B$5:$B$210,0)),"ERROR",LOOKUP($E45,'3. Data Sources'!$B$5:$B$210,'3. Data Sources'!$E$5:$E$210)) -> Y | J45: Left Outer
B46: ENR_RADIO_5G_CELLS | C46: INVCELL | D46: =IF(ISERROR(MATCH(B46&"_"&C46,AuxData!$X:$X,0)),"",IF(LOOKUP(B46&"_"&C46,AuxData!$X:$X,AuxData!$Y:$Y)="","Not defined",LOOKUP(B46&"_"&C46,AuxData!$X:$X,AuxData!$Y:$Y))) -> INVCELL | E46: T1911816287 | F46: INVCELL | G46: =IF(ISERROR(MATCH(E46&"_"&F46,AuxData!$X:$X,0)),"",IF(LOOKUP(E46&"_"&F46,AuxData!$X:$X,AuxData!$Y:$Y)="","Not defined",LOOKUP(E46&"_"&F46,AuxData!$X:$X,AuxData!$Y:$Y))) -> INVCELL | H46: =IF(I46="Y","Inner","") -> Inner | I46: =IF(ISERROR(MATCH($E46,'3. Data Sources'!$B$5:$B$210,0)),"ERROR",LOOKUP($E46,'3. Data Sources'!$B$5:$B$210,'3. Data Sources'!$E$5:$E$210)) -> Y | J46: Left Outer
B47: ENR_RADIO_5G_CELLS | C47: INVCELL | D47: =IF(ISERROR(MATCH(B47&"_"&C47,AuxData!$X:$X,0)),"",IF(LOOKUP(B47&"_"&C47,AuxData!$X:$X,AuxData!$Y:$Y)="","Not defined",LOOKUP(B47&"_"&C47,AuxData!$X:$X,AuxData!$Y:$Y))) -> INVCELL | E47: T1911816292 | F47: INVCELL | G47: =IF(ISERROR(MATCH(E47&"_"&F47,AuxData!$X:$X,0)),"",IF(LOOKUP(E47&"_"&F47,AuxData!$X:$X,AuxData!$Y:$Y)="","Not defined",LOOKUP(E47&"_"&F47,AuxData!$X:$X,AuxData!$Y:$Y))) -> INVCELL | H47: =IF(I47="Y","Inner","") -> Inner | I47: =IF(ISERROR(MATCH($E47,'3. Data Sources'!$B$5:$B$210,0)),"ERROR",LOOKUP($E47,'3. Data Sources'!$B$5:$B$210,'3. Data Sources'!$E$5:$E$210)) -> Y | J47: Left Outer
B48: ENR_RADIO_5G_CELLS | C48: INVCELL | D48: =IF(ISERROR(MATCH(B48&"_"&C48,AuxData!$X:$X,0)),"",IF(LOOKUP(B48&"_"&C48,AuxData!$X:$X,AuxData!$Y:$Y)="","Not defined",LOOKUP(B48&"_"&C48,AuxData!$X:$X,AuxData!$Y:$Y))) -> INVCELL | E48: T1911816293 | F48: INVCELL | G48: =IF(ISERROR(MATCH(E48&"_"&F48,AuxData!$X:$X,0)),"",IF(LOOKUP(E48&"_"&F48,AuxData!$X:$X,AuxData!$Y:$Y)="","Not defined",LOOKUP(E48&"_"&F48,AuxData!$X:$X,AuxData!$Y:$Y))) -> INVCELL | H48: Inner | I48: =IF(ISERROR(MATCH($E48,'3. Data Sources'!$B$5:$B$210,0)),"ERROR",LOOKUP($E48,'3. Data Sources'!$B$5:$B$210,'3. Data Sources'!$E$5:$E$210)) -> Y | J48: Left Outer
B49: V_ENR_RADIO_5G_CELLS | C49: CELL_ID_D | D49: =IF(ISERROR(MATCH(B49&"_"&C49,AuxData!$X:$X,0)),"",IF(LOOKUP(B49&"_"&C49,AuxData!$X:$X,AuxData!$Y:$Y)="","Not defined",LOOKUP(B49&"_"&C49,AuxData!$X:$X,AuxData!$Y:$Y))) -> CELL_ID | E49: T1911816293 | F49: TargetCellID | G49: =IF(ISERROR(MATCH(E49&"_"&F49,AuxData!$X:$X,0)),"",IF(LOOKUP(E49&"_"&F49,AuxData!$X:$X,AuxData!$Y:$Y)="","Not defined",LOOKUP(E49&"_"&F49,AuxData!$X:$X,AuxData!$Y:$Y))) -> TARGETCELLID | H49: Left Outer | I49: =IF(ISERROR(MATCH($E49,'3. Data Sources'!$B$5:$B$210,0)),"ERROR",LOOKUP($E49,'3. Data Sources'!$B$5:$B$210,'3. Data Sources'!$E$5:$E$210)) -> Y | J49: Left Outer
B50: V_ENR_RADIO_5G_CELLS | C50: gNodeB_ID | D50: =IF(ISERROR(MATCH(B50&"_"&C50,AuxData!$X:$X,0)),"",IF(LOOKUP(B50&"_"&C50,AuxData!$X:$X,AuxData!$Y:$Y)="","Not defined",LOOKUP(B50&"_"&C50,AuxData!$X:$X,AuxData!$Y:$Y))) -> GNODEB_ID | E50: T1911816293 | F50: TargetgNodeBID | G50: =IF(ISERROR(MATCH(E50&"_"&F50,AuxData!$X:$X,0)),"",IF(LOOKUP(E50&"_"&F50,AuxData!$X:$X,AuxData!$Y:$Y)="","Not defined",LOOKUP(E50&"_"&F50,AuxData!$X:$X,AuxData!$Y:$Y))) -> TARGETGNODEBID | H50: Left Outer | I50: =IF(ISERROR(MATCH($E50,'3. Data Sources'!$B$5:$B$210,0)),"ERROR",LOOKUP($E50,'3. Data Sources'!$B$5:$B$210,'3. Data Sources'!$E$5:$E$210)) -> Y | J50: Left Outer
B51: ENR_RADIO_5G_CELLS | C51: INVCELL | D51: =IF(ISERROR(MATCH(B51&"_"&C51,AuxData!$X:$X,0)),"",IF(LOOKUP(B51&"_"&C51,AuxData!$X:$X,AuxData!$Y:$Y)="","Not defined",LOOKUP(B51&"_"&C51,AuxData!$X:$X,AuxData!$Y:$Y))) -> INVCELL | E51: T1911816294 | F51: INVCELL | G51: =IF(ISERROR(MATCH(E51&"_"&F51,AuxData!$X:$X,0)),"",IF(LOOKUP(E51&"_"&F51,AuxData!$X:$X,AuxData!$Y:$Y)="","Not defined",LOOKUP(E51&"_"&F51,AuxData!$X:$X,AuxData!$Y:$Y))) -> INVCELL | H51: Inner | I51: =IF(ISERROR(MATCH($E51,'3. Data Sources'!$B$5:$B$210,0)),"ERROR",LOOKUP($E51,'3. Data Sources'!$B$5:$B$210,'3. Data Sources'!$E$5:$E$210)) -> Y | J51: Left Outer
B52: ENR_OPERATORS | C52: MCC | D52: =IF(ISERROR(MATCH(B52&"_"&C52,AuxData!$X:$X,0)),"",IF(LOOKUP(B52&"_"&C52,AuxData!$X:$X,AuxData!$Y:$Y)="","Not defined",LOOKUP(B52&"_"&C52,AuxData!$X:$X,AuxData!$Y:$Y))) -> MCC | E52: T1911816294 | F52: MobileCountryCode | G52: =IF(ISERROR(MATCH(E52&"_"&F52,AuxData!$X:$X,0)),"",IF(LOOKUP(E52&"_"&F52,AuxData!$X:$X,AuxData!$Y:$Y)="","Not defined",LOOKUP(E52&"_"&F52,AuxData!$X:$X,AuxData!$Y:$Y))) -> MOBILECOUNTRYCODE | H52: Inner | I52: Y | J52: Left Outer
B53: ENR_OPERATORS | C53: MNC | D53: =IF(ISERROR(MATCH(B53&"_"&C53,AuxData!$X:$X,0)),"",IF(LOOKUP(B53&"_"&C53,AuxData!$X:$X,AuxData!$Y:$Y)="","Not defined",LOOKUP(B53&"_"&C53,AuxData!$X:$X,AuxData!$Y:$Y))) -> MNC | E53: T1911816294 | F53: MobileCountryCode | G53: =IF(ISERROR(MATCH(E53&"_"&F53,AuxData!$X:$X,0)),"",IF(LOOKUP(E53&"_"&F53,AuxData!$X:$X,AuxData!$Y:$Y)="","Not defined",LOOKUP(E53&"_"&F53,AuxData!$X:$X,AuxData!$Y:$Y))) -> MOBILECOUNTRYCODE | H53: Inner | I53: Y | J53: Left Outer
B54: ENR_RADIO_5G_CELLS | C54: INVCELL | D54: =IF(ISERROR(MATCH(B54&"_"&C54,AuxData!$X:$X,0)),"",IF(LOOKUP(B54&"_"&C54,AuxData!$X:$X,AuxData!$Y:$Y)="","Not defined",LOOKUP(B54&"_"&C54,AuxData!$X:$X,AuxData!$Y:$Y))) -> INVCELL | E54: T1911816295 | F54: INVCELL | G54: =IF(ISERROR(MATCH(E54&"_"&F54,AuxData!$X:$X,0)),"",IF(LOOKUP(E54&"_"&F54,AuxData!$X:$X,AuxData!$Y:$Y)="","Not defined",LOOKUP(E54&"_"&F54,AuxData!$X:$X,AuxData!$Y:$Y))) -> INVCELL | H54: Inner | I54: =IF(ISERROR(MATCH($E54,'3. Data Sources'!$B$5:$B$210,0)),"ERROR",LOOKUP($E54,'3. Data Sources'!$B$5:$B$210,'3. Data Sources'!$E$5:$E$210)) -> Y | J54: Left Outer
B55: ENR_OPERATORS | C55: MCC | D55: =IF(ISERROR(MATCH(B55&"_"&C55,AuxData!$X:$X,0)),"",IF(LOOKUP(B55&"_"&C55,AuxData!$X:$X,AuxData!$Y:$Y)="","Not defined",LOOKUP(B55&"_"&C55,AuxData!$X:$X,AuxData!$Y:$Y))) -> MCC | E55: T1911816295 | F55: MobileCountryCode | G55: =IF(ISERROR(MATCH(E55&"_"&F55,AuxData!$X:$X,0)),"",IF(LOOKUP(E55&"_"&F55,AuxData!$X:$X,AuxData!$Y:$Y)="","Not defined",LOOKUP(E55&"_"&F55,AuxData!$X:$X,AuxData!$Y:$Y))) -> MOBILECOUNTRYCODE | H55: Inner | I55: Y | J55: Left Outer
B56: ENR_OPERATORS | C56: MNC | D56: =IF(ISERROR(MATCH(B56&"_"&C56,AuxData!$X:$X,0)),"",IF(LOOKUP(B56&"_"&C56,AuxData!$X:$X,AuxData!$Y:$Y)="","Not defined",LOOKUP(B56&"_"&C56,AuxData!$X:$X,AuxData!$Y:$Y))) -> MNC | E56: T1911816295 | F56: MobileCountryCode | G56: =IF(ISERROR(MATCH(E56&"_"&F56,AuxData!$X:$X,0)),"",IF(LOOKUP(E56&"_"&F56,AuxData!$X:$X,AuxData!$Y:$Y)="","Not defined",LOOKUP(E56&"_"&F56,AuxData!$X:$X,AuxData!$Y:$Y))) -> MOBILECOUNTRYCODE | H56: Inner | I56: Y | J56: Left Outer
B57: ENR_RADIO_5G_CELLS | C57: INVCELL | D57: =IF(ISERROR(MATCH(B57&"_"&C57,AuxData!$X:$X,0)),"",IF(LOOKUP(B57&"_"&C57,AuxData!$X:$X,AuxData!$Y:$Y)="","Not defined",LOOKUP(B57&"_"&C57,AuxData!$X:$X,AuxData!$Y:$Y))) -> INVCELL | E57: T1911816296 | F57: INVCELL | G57: =IF(ISERROR(MATCH(E57&"_"&F57,AuxData!$X:$X,0)),"",IF(LOOKUP(E57&"_"&F57,AuxData!$X:$X,AuxData!$Y:$Y)="","Not defined",LOOKUP(E57&"_"&F57,AuxData!$X:$X,AuxData!$Y:$Y))) -> INVCELL | H57: Inner | I57: =IF(ISERROR(MATCH($E57,'3. Data Sources'!$B$5:$B$210,0)),"ERROR",LOOKUP($E57,'3. Data Sources'!$B$5:$B$210,'3. Data Sources'!$E$5:$E$210)) -> Y | J57: Left Outer
B58: V_ENR_RADIO_4G_CELLS | C58: CELL_ID_D | D58: =IF(ISERROR(MATCH(B58&"_"&C58,AuxData!$X:$X,0)),"",IF(LOOKUP(B58&"_"&C58,AuxData!$X:$X,AuxData!$Y:$Y)="","Not defined",LOOKUP(B58&"_"&C58,AuxData!$X:$X,AuxData!$Y:$Y))) -> CELL_ID_D | E58: T1911816298 | F58: CellID | G58: =IF(ISERROR(MATCH(E58&"_"&F58,AuxData!$X:$X,0)),"",IF(LOOKUP(E58&"_"&F58,AuxData!$X:$X,AuxData!$Y:$Y)="","Not defined",LOOKUP(E58&"_"&F58,AuxData!$X:$X,AuxData!$Y:$Y))) -> CELLID | H58: Left Outer | I58: =IF(ISERROR(MATCH($E58,'3. Data Sources'!$B$5:$B$210,0)),"ERROR",LOOKUP($E58,'3. Data Sources'!$B$5:$B$210,'3. Data Sources'!$E$5:$E$210)) -> Y | J58: Left Outer
B59: V_ENR_RADIO_4G_CELLS | C59: eNodeB_ID | D59: =IF(ISERROR(MATCH(B59&"_"&C59,AuxData!$X:$X,0)),"",IF(LOOKUP(B59&"_"&C59,AuxData!$X:$X,AuxData!$Y:$Y)="","Not defined",LOOKUP(B59&"_"&C59,AuxData!$X:$X,AuxData!$Y:$Y))) -> ENODEB_ID | E59: T1911816298 | F59: ENODEB_ID | G59: =IF(ISERROR(MATCH(E59&"_"&F59,AuxData!$X:$X,0)),"",IF(LOOKUP(E59&"_"&F59,AuxData!$X:$X,AuxData!$Y:$Y)="","Not defined",LOOKUP(E59&"_"&F59,AuxData!$X:$X,AuxData!$Y:$Y))) -> ENODEB_ID | H59: Left Outer | I59: =IF(ISERROR(MATCH($E59,'3. Data Sources'!$B$5:$B$210,0)),"ERROR",LOOKUP($E59,'3. Data Sources'!$B$5:$B$210,'3. Data Sources'!$E$5:$E$210)) -> Y | J59: Left Outer
B60: ENR_RADIO_5G_CELLS | C60: INVCELL | D60: =IF(ISERROR(MATCH(B60&"_"&C60,AuxData!$X:$X,0)),"",IF(LOOKUP(B60&"_"&C60,AuxData!$X:$X,AuxData!$Y:$Y)="","Not defined",LOOKUP(B60&"_"&C60,AuxData!$X:$X,AuxData!$Y:$Y))) -> INVCELL | E60: T1911816298 | F60: INVCELL | G60: =IF(ISERROR(MATCH(E60&"_"&F60,AuxData!$X:$X,0)),"",IF(LOOKUP(E60&"_"&F60,AuxData!$X:$X,AuxData!$Y:$Y)="","Not defined",LOOKUP(E60&"_"&F60,AuxData!$X:$X,AuxData!$Y:$Y))) -> INVCELL | H60: Inner | I60: =IF(ISERROR(MATCH($E60,'3. Data Sources'!$B$5:$B$210,0)),"ERROR",LOOKUP($E60,'3. Data Sources'!$B$5:$B$210,'3. Data Sources'!$E$5:$E$210)) -> Y | J60: Left Outer
B61: ENR_RADIO_5G_CELLS | C61: INVCELL | D61: =IF(ISERROR(MATCH(B61&"_"&C61,AuxData!$X:$X,0)),"",IF(LOOKUP(B61&"_"&C61,AuxData!$X:$X,AuxData!$Y:$Y)="","Not defined",LOOKUP(B61&"_"&C61,AuxData!$X:$X,AuxData!$Y:$Y))) -> INVCELL | E61: T1911816413 | F61: INVCELL | G61: =IF(ISERROR(MATCH(E61&"_"&F61,AuxData!$X:$X,0)),"",IF(LOOKUP(E61&"_"&F61,AuxData!$X:$X,AuxData!$Y:$Y)="","Not defined",LOOKUP(E61&"_"&F61,AuxData!$X:$X,AuxData!$Y:$Y))) -> INVCELL | H61: Inner | I61: =IF(ISERROR(MATCH($E61,'3. Data Sources'!$B$5:$B$210,0)),"ERROR",LOOKUP($E61,'3. Data Sources'!$B$5:$B$210,'3. Data Sources'!$E$5:$E$210)) -> Y | J61: Left Outer
B62: ENR_RADIO_5G_CELLS | C62: INVCELL | D62: =IF(ISERROR(MATCH(B62&"_"&C62,AuxData!$X:$X,0)),"",IF(LOOKUP(B62&"_"&C62,AuxData!$X:$X,AuxData!$Y:$Y)="","Not defined",LOOKUP(B62&"_"&C62,AuxData!$X:$X,AuxData!$Y:$Y))) -> INVCELL | E62: T1911816414 | F62: INVCELL | G62: =IF(ISERROR(MATCH(E62&"_"&F62,AuxData!$X:$X,0)),"",IF(LOOKUP(E62&"_"&F62,AuxData!$X:$X,AuxData!$Y:$Y)="","Not defined",LOOKUP(E62&"_"&F62,AuxData!$X:$X,AuxData!$Y:$Y))) -> INVCELL | H62: Inner | I62: =IF(ISERROR(MATCH($E62,'3. Data Sources'!$B$5:$B$210,0)),"ERROR",LOOKUP($E62,'3. Data Sources'!$B$5:$B$210,'3. Data Sources'!$E$5:$E$210)) -> Y | J62: Left Outer
B63: ENR_RADIO_5G_CELLS | C63: INVCELL | D63: =IF(ISERROR(MATCH(B63&"_"&C63,AuxData!$X:$X,0)),"",IF(LOOKUP(B63&"_"&C63,AuxData!$X:$X,AuxData!$Y:$Y)="","Not defined",LOOKUP(B63&"_"&C63,AuxData!$X:$X,AuxData!$Y:$Y))) -> INVCELL | E63: T1911816415 | F63: INVCELL | G63: =IF(ISERROR(MATCH(E63&"_"&F63,AuxData!$X:$X,0)),"",IF(LOOKUP(E63&"_"&F63,AuxData!$X:$X,AuxData!$Y:$Y)="","Not defined",LOOKUP(E63&"_"&F63,AuxData!$X:$X,AuxData!$Y:$Y))) -> INVCELL | H63: Inner | I63: =IF(ISERROR(MATCH($E63,'3. Data Sources'!$B$5:$B$210,0)),"ERROR",LOOKUP($E63,'3. Data Sources'!$B$5:$B$210,'3. Data Sources'!$E$5:$E$210)) -> Y | J63: Left Outer
B64: ENR_RADIO_5G_CELLS | C64: INVCELL | D64: =IF(ISERROR(MATCH(B64&"_"&C64,AuxData!$X:$X,0)),"",IF(LOOKUP(B64&"_"&C64,AuxData!$X:$X,AuxData!$Y:$Y)="","Not defined",LOOKUP(B64&"_"&C64,AuxData!$X:$X,AuxData!$Y:$Y))) -> INVCELL | E64: T1911816416_5QI1 | F64: INVCELL | G64: =IF(ISERROR(MATCH(E64&"_"&F64,AuxData!$X:$X,0)),"",IF(LOOKUP(E64&"_"&F64,AuxData!$X:$X,AuxData!$Y:$Y)="","Not defined",LOOKUP(E64&"_"&F64,AuxData!$X:$X,AuxData!$Y:$Y))) -> INVCELL | H64: Inner | I64: =IF(ISERROR(MATCH($E64,'3. Data Sources'!$B$5:$B$210,0)),"ERROR",LOOKUP($E64,'3. Data Sources'!$B$5:$B$210,'3. Data Sources'!$E$5:$E$210)) -> Y | J64: Left Outer
B65: ENR_RADIO_5G_CELLS | C65: INVCELL | D65: =IF(ISERROR(MATCH(B65&"_"&C65,AuxData!$X:$X,0)),"",IF(LOOKUP(B65&"_"&C65,AuxData!$X:$X,AuxData!$Y:$Y)="","Not defined",LOOKUP(B65&"_"&C65,AuxData!$X:$X,AuxData!$Y:$Y))) -> INVCELL | E65: T1911816416_5QI5 | F65: INVCELL | G65: =IF(ISERROR(MATCH(E65&"_"&F65,AuxData!$X:$X,0)),"",IF(LOOKUP(E65&"_"&F65,AuxData!$X:$X,AuxData!$Y:$Y)="","Not defined",LOOKUP(E65&"_"&F65,AuxData!$X:$X,AuxData!$Y:$Y))) -> INVCELL | H65: Inner | I65: =IF(ISERROR(MATCH($E65,'3. Data Sources'!$B$5:$B$210,0)),"ERROR",LOOKUP($E65,'3. Data Sources'!$B$5:$B$210,'3. Data Sources'!$E$5:$E$210)) -> Y | J65: Left Outer
B66: ENR_RADIO_5G_CELLS | C66: INVCELL | D66: =IF(ISERROR(MATCH(B66&"_"&C66,AuxData!$X:$X,0)),"",IF(LOOKUP(B66&"_"&C66,AuxData!$X:$X,AuxData!$Y:$Y)="","Not defined",LOOKUP(B66&"_"&C66,AuxData!$X:$X,AuxData!$Y:$Y))) -> INVCELL | E66: T1911816416_5QI9 | F66: INVCELL | G66: =IF(ISERROR(MATCH(E66&"_"&F66,AuxData!$X:$X,0)),"",IF(LOOKUP(E66&"_"&F66,AuxData!$X:$X,AuxData!$Y:$Y)="","Not defined",LOOKUP(E66&"_"&F66,AuxData!$X:$X,AuxData!$Y:$Y))) -> INVCELL | H66: Inner | I66: =IF(ISERROR(MATCH($E66,'3. Data Sources'!$B$5:$B$210,0)),"ERROR",LOOKUP($E66,'3. Data Sources'!$B$5:$B$210,'3. Data Sources'!$E$5:$E$210)) -> Y | J66: Left Outer
B67: ENR_RADIO_5G_CELLS | C67: INVCELL | D67: =IF(ISERROR(MATCH(B67&"_"&C67,AuxData!$X:$X,0)),"",IF(LOOKUP(B67&"_"&C67,AuxData!$X:$X,AuxData!$Y:$Y)="","Not defined",LOOKUP(B67&"_"&C67,AuxData!$X:$X,AuxData!$Y:$Y))) -> INVCELL | E67: T1911816418_5QI1 | F67: INVCELL | G67: =IF(ISERROR(MATCH(E67&"_"&F67,AuxData!$X:$X,0)),"",IF(LOOKUP(E67&"_"&F67,AuxData!$X:$X,AuxData!$Y:$Y)="","Not defined",LOOKUP(E67&"_"&F67,AuxData!$X:$X,AuxData!$Y:$Y))) -> INVCELL | H67: Inner | I67: =IF(ISERROR(MATCH($E67,'3. Data Sources'!$B$5:$B$210,0)),"ERROR",LOOKUP($E67,'3. Data Sources'!$B$5:$B$210,'3. Data Sources'!$E$5:$E$210)) -> Y | J67: Left Outer
B68: ENR_RADIO_5G_CELLS | C68: INVCELL | D68: =IF(ISERROR(MATCH(B68&"_"&C68,AuxData!$X:$X,0)),"",IF(LOOKUP(B68&"_"&C68,AuxData!$X:$X,AuxData!$Y:$Y)="","Not defined",LOOKUP(B68&"_"&C68,AuxData!$X:$X,AuxData!$Y:$Y))) -> INVCELL | E68: T1911816418_5QI5 | F68: INVCELL | G68: =IF(ISERROR(MATCH(E68&"_"&F68,AuxData!$X:$X,0)),"",IF(LOOKUP(E68&"_"&F68,AuxData!$X:$X,AuxData!$Y:$Y)="","Not defined",LOOKUP(E68&"_"&F68,AuxData!$X:$X,AuxData!$Y:$Y))) -> INVCELL | H68: Inner | I68: =IF(ISERROR(MATCH($E68,'3. Data Sources'!$B$5:$B$210,0)),"ERROR",LOOKUP($E68,'3. Data Sources'!$B$5:$B$210,'3. Data Sources'!$E$5:$E$210)) -> Y | J68: Left Outer
... B77: ENR_RADIO_5G_CELLS | C77: INVCELL | D77: =IF(ISERROR(MATCH(B77&"_"&C77,AuxData!$X:$X,0)),"",IF(LOOKUP(B77&"_"&C77,AuxData!$X:$X,AuxData!$Y:$Y)="","Not defined",LOOKUP(B77&"_"&C77,AuxData!$X:$X,AuxData!$Y:$Y))) -> INVCELL | E77: T1911816628 | F77: INVCELL | G77: =IF(ISERROR(MATCH(E77&"_"&F77,AuxData!$X:$X,0)),"",IF(LOOKUP(E77&"_"&F77,AuxData!$X:$X,AuxData!$Y:$Y)="","Not defined",LOOKUP(E77&"_"&F77,AuxData!$X:$X,AuxData!$Y:$Y))) -> INVCELL | H77: Inner | I77: =IF(ISERROR(MATCH($E77,'3. Data Sources'!$B$5:$B$210,0)),"ERROR",LOOKUP($E77,'3. Data Sources'!$B$5:$B$210,'3. Data Sources'!$E$5:$E$210)) -> Y | J77: Left Outer
B78: ENR_OPERATORS | C78: MCC | D78: =IF(ISERROR(MATCH(B78&"_"&C78,AuxData!$X:$X,0)),"",IF(LOOKUP(B78&"_"&C78,AuxData!$X:$X,AuxData!$Y:$Y)="","Not defined",LOOKUP(B78&"_"&C78,AuxData!$X:$X,AuxData!$Y:$Y))) -> MCC | E78: T1911816628 | F78: MobileCountryCode | G78: =IF(ISERROR(MATCH(E78&"_"&F78,AuxData!$X:$X,0)),"",IF(LOOKUP(E78&"_"&F78,AuxData!$X:$X,AuxData!$Y:$Y)="","Not defined",LOOKUP(E78&"_"&F78,AuxData!$X:$X,AuxData!$Y:$Y))) -> MOBILECOUNTRYCODE | H78: Inner | I78: Y | J78: Left Outer
B79: ENR_OPERATORS | C79: MNC | D79: =IF(ISERROR(MATCH(B79&"_"&C79,AuxData!$X:$X,0)),"",IF(LOOKUP(B79&"_"&C79,AuxData!$X:$X,AuxData!$Y:$Y)="","Not defined",LOOKUP(B79&"_"&C79,AuxData!$X:$X,AuxData!$Y:$Y))) -> MNC | E79: T1911816628 | F79: MobileCountryCode | G79: =IF(ISERROR(MATCH(E79&"_"&F79,AuxData!$X:$X,0)),"",IF(LOOKUP(E79&"_"&F79,AuxData!$X:$X,AuxData!$Y:$Y)="","Not defined",LOOKUP(E79&"_"&F79,AuxData!$X:$X,AuxData!$Y:$Y))) -> MOBILECOUNTRYCODE | H79: Inner | I79: Y | J79: Left Outer
B80: ENR_RADIO_5G_CELLS | C80: INVCELL | D80: =IF(ISERROR(MATCH(B80&"_"&C80,AuxData!$X:$X,0)),"",IF(LOOKUP(B80&"_"&C80,AuxData!$X:$X,AuxData!$Y:$Y)="","Not defined",LOOKUP(B80&"_"&C80,AuxData!$X:$X,AuxData!$Y:$Y))) -> INVCELL | E80: T1911816630 | F80: INVCELL | G80: =IF(ISERROR(MATCH(E80&"_"&F80,AuxData!$X:$X,0)),"",IF(LOOKUP(E80&"_"&F80,AuxData!$X:$X,AuxData!$Y:$Y)="","Not defined",LOOKUP(E80&"_"&F80,AuxData!$X:$X,AuxData!$Y:$Y))) -> INVCELL | H80: Inner | I80: =IF(ISERROR(MATCH($E80,'3. Data Sources'!$B$5:$B$210,0)),"ERROR",LOOKUP($E80,'3. Data Sources'!$B$5:$B$210,'3. Data Sources'!$E$5:$E$210)) -> Y | J80: Left Outer
B81: ENR_OPERATORS | C81: MCC | D81: =IF(ISERROR(MATCH(B81&"_"&C81,AuxData!$X:$X,0)),"",IF(LOOKUP(B81&"_"&C81,AuxData!$X:$X,AuxData!$Y:$Y)="","Not defined",LOOKUP(B81&"_"&C81,AuxData!$X:$X,AuxData!$Y:$Y))) -> MCC | E81: T1911816630 | F81: MobileCountryCode | G81: =IF(ISERROR(MATCH(E81&"_"&F81,AuxData!$X:$X,0)),"",IF(LOOKUP(E81&"_"&F81,AuxData!$X:$X,AuxData!$Y:$Y)="","Not defined",LOOKUP(E81&"_"&F81,AuxData!$X:$X,AuxData!$Y:$Y))) -> MOBILECOUNTRYCODE | H81: Inner | I81: Y | J81: Left Outer
B82: ENR_OPERATORS | C82: MNC | D82: =IF(ISERROR(MATCH(B82&"_"&C82,AuxData!$X:$X,0)),"",IF(LOOKUP(B82&"_"&C82,AuxData!$X:$X,AuxData!$Y:$Y)="","Not defined",LOOKUP(B82&"_"&C82,AuxData!$X:$X,AuxData!$Y:$Y))) -> MNC | E82: T1911816630 | F82: MobileCountryCode | G82: =IF(ISERROR(MATCH(E82&"_"&F82,AuxData!$X:$X,0)),"",IF(LOOKUP(E82&"_"&F82,AuxData!$X:$X,AuxData!$Y:$Y)="","Not defined",LOOKUP(E82&"_"&F82,AuxData!$X:$X,AuxData!$Y:$Y))) -> MOBILECOUNTRYCODE | H82: Inner | I82: Y | J82: Left Outer
B83: ENR_RADIO_5G_CELLS | C83: INVCELL | D83: =IF(ISERROR(MATCH(B83&"_"&C83,AuxData!$X:$X,0)),"",IF(LOOKUP(B83&"_"&C83,AuxData!$X:$X,AuxData!$Y:$Y)="","Not defined",LOOKUP(B83&"_"&C83,AuxData!$X:$X,AuxData!$Y:$Y))) -> INVCELL | E83: T1911816631 | F83: INVCELL | G83: =IF(ISERROR(MATCH(E83&"_"&F83,AuxData!$X:$X,0)),"",IF(LOOKUP(E83&"_"&F83,AuxData!$X:$X,AuxData!$Y:$Y)="","Not defined",LOOKUP(E83&"_"&F83,AuxData!$X:$X,AuxData!$Y:$Y))) -> INVCELL | H83: Inner | I83: =IF(ISERROR(MATCH($E83,'3. Data Sources'!$B$5:$B$210,0)),"ERROR",LOOKUP($E83,'3. Data Sources'!$B$5:$B$210,'3. Data Sources'!$E$5:$E$210)) -> Y | J83: Left Outer
B84: ENR_OPERATORS | C84: MCC | D84: =IF(ISERROR(MATCH(B84&"_"&C84,AuxData!$X:$X,0)),"",IF(LOOKUP(B84&"_"&C84,AuxData!$X:$X,AuxData!$Y:$Y)="","Not defined",LOOKUP(B84&"_"&C84,AuxData!$X:$X,AuxData!$Y:$Y))) -> MCC | E84: T1911816631 | F84: MobileCountryCode | G84: =IF(ISERROR(MATCH(E84&"_"&F84,AuxData!$X:$X,0)),"",IF(LOOKUP(E84&"_"&F84,AuxData!$X:$X,AuxData!$Y:$Y)="","Not defined",LOOKUP(E84&"_"&F84,AuxData!$X:$X,AuxData!$Y:$Y))) -> MOBILECOUNTRYCODE | H84: Inner | I84: Y | J84: Left Outer
B85: ENR_OPERATORS | C85: MNC | D85: =IF(ISERROR(MATCH(B85&"_"&C85,AuxData!$X:$X,0)),"",IF(LOOKUP(B85&"_"&C85,AuxData!$X:$X,AuxData!$Y:$Y)="","Not defined",LOOKUP(B85&"_"&C85,AuxData!$X:$X,AuxData!$Y:$Y))) -> MNC | E85: T1911816631 | F85: MobileCountryCode | G85: =IF(ISERROR(MATCH(E85&"_"&F85,AuxData!$X:$X,0)),"",IF(LOOKUP(E85&"_"&F85,AuxData!$X:$X,AuxData!$Y:$Y)="","Not defined",LOOKUP(E85&"_"&F85,AuxData!$X:$X,AuxData!$Y:$Y))) -> MOBILECOUNTRYCODE | H85: Inner | I85: Y | J85: Left Outer
B86: ENR_RADIO_5G_CELLS | C86: INVCELL | D86: =IF(ISERROR(MATCH(B86&"_"&C86,AuxData!$X:$X,0)),"",IF(LOOKUP(B86&"_"&C86,AuxData!$X:$X,AuxData!$Y:$Y)="","Not defined",LOOKUP(B86&"_"&C86,AuxData!$X:$X,AuxData!$Y:$Y))) -> INVCELL | E86: T1911816634 | F86: INVCELL | G86: =IF(ISERROR(MATCH(E86&"_"&F86,AuxData!$X:$X,0)),"",IF(LOOKUP(E86&"_"&F86,AuxData!$X:$X,AuxData!$Y:$Y)="","Not defined",LOOKUP(E86&"_"&F86,AuxData!$X:$X,AuxData!$Y:$Y))) -> INVCELL | H86: Inner | I86: =IF(ISERROR(MATCH($E86,'3. Data Sources'!$B$5:$B$210,0)),"ERROR",LOOKUP($E86,'3. Data Sources'!$B$5:$B$210,'3. Data Sources'!$E$5:$E$210)) -> Y | J86: Left Outer
B87: ENR_OPERATORS | C87: MCC | D87: =IF(ISERROR(MATCH(B87&"_"&C87,AuxData!$X:$X,0)),"",IF(LOOKUP(B87&"_"&C87,AuxData!$X:$X,AuxData!$Y:$Y)="","Not defined",LOOKUP(B87&"_"&C87,AuxData!$X:$X,AuxData!$Y:$Y))) -> MCC | E87: T1911816634 | F87: MobileCountryCode | G87: =IF(ISERROR(MATCH(E87&"_"&F87,AuxData!$X:$X,0)),"",IF(LOOKUP(E87&"_"&F87,AuxData!$X:$X,AuxData!$Y:$Y)="","Not defined",LOOKUP(E87&"_"&F87,AuxData!$X:$X,AuxData!$Y:$Y))) -> MOBILECOUNTRYCODE | H87: Inner | I87: Y | J87: Left Outer
B88: ENR_OPERATORS | C88: MNC | D88: =IF(ISERROR(MATCH(B88&"_"&C88,AuxData!$X:$X,0)),"",IF(LOOKUP(B88&"_"&C88,AuxData!$X:$X,AuxData!$Y:$Y)="","Not defined",LOOKUP(B88&"_"&C88,AuxData!$X:$X,AuxData!$Y:$Y))) -> MNC | E88: T1911816634 | F88: MobileCountryCode | G88: =IF(ISERROR(MATCH(E88&"_"&F88,AuxData!$X:$X,0)),"",IF(LOOKUP(E88&"_"&F88,AuxData!$X:$X,AuxData!$Y:$Y)="","Not defined",LOOKUP(E88&"_"&F88,AuxData!$X:$X,AuxData!$Y:$Y))) -> MOBILECOUNTRYCODE | H88: Inner | I88: Y | J88: Left Outer
B89: ENR_RADIO_5G_CELLS | C89: INVCELL | D89: =IF(ISERROR(MATCH(B89&"_"&C89,AuxData!$X:$X,0)),"",IF(LOOKUP(B89&"_"&C89,AuxData!$X:$X,AuxData!$Y:$Y)="","Not defined",LOOKUP(B89&"_"&C89,AuxData!$X:$X,AuxData!$Y:$Y))) -> INVCELL | E89: T1911816636 | F89: INVCELL | G89: =IF(ISERROR(MATCH(E89&"_"&F89,AuxData!$X:$X,0)),"",IF(LOOKUP(E89&"_"&F89,AuxData!$X:$X,AuxData!$Y:$Y)="","Not defined",LOOKUP(E89&"_"&F89,AuxData!$X:$X,AuxData!$Y:$Y))) -> INVCELL | H89: Inner | I89: =IF(ISERROR(MATCH($E89,'3. Data Sources'!$B$5:$B$210,0)),"ERROR",LOOKUP($E89,'3. Data Sources'!$B$5:$B$210,'3. Data Sources'!$E$5:$E$210)) -> Y | J89: Left Outer
B90: ENR_OPERATORS | C90: MCC | D90: =IF(ISERROR(MATCH(B90&"_"&C90,AuxData!$X:$X,0)),"",IF(LOOKUP(B90&"_"&C90,AuxData!$X:$X,AuxData!$Y:$Y)="","Not defined",LOOKUP(B90&"_"&C90,AuxData!$X:$X,AuxData!$Y:$Y))) -> MCC | E90: T1911816636 | F90: MobileCountryCode | G90: =IF(ISERROR(MATCH(E90&"_"&F90,AuxData!$X:$X,0)),"",IF(LOOKUP(E90&"_"&F90,AuxData!$X:$X,AuxData!$Y:$Y)="","Not defined",LOOKUP(E90&"_"&F90,AuxData!$X:$X,AuxData!$Y:$Y))) -> MOBILECOUNTRYCODE | H90: Inner | I90: Y | J90: Left Outer
B91: ENR_OPERATORS | C91: MNC | D91: =IF(ISERROR(MATCH(B91&"_"&C91,AuxData!$X:$X,0)),"",IF(LOOKUP(B91&"_"&C91,AuxData!$X:$X,AuxData!$Y:$Y)="","Not defined",LOOKUP(B91&"_"&C91,AuxData!$X:$X,AuxData!$Y:$Y))) -> MNC | E91: T1911816636 | F91: MobileCountryCode | G91: =IF(ISERROR(MATCH(E91&"_"&F91,AuxData!$X:$X,0)),"",IF(LOOKUP(E91&"_"&F91,AuxData!$X:$X,AuxData!$Y:$Y)="","Not defined",LOOKUP(E91&"_"&F91,AuxData!$X:$X,AuxData!$Y:$Y))) -> MOBILECOUNTRYCODE | H91: Inner | I91: Y | J91: Left Outer
B92: ENR_RADIO_5G_CELLS | C92: INVCELL | D92: =IF(ISERROR(MATCH(B92&"_"&C92,AuxData!$X:$X,0)),"",IF(LOOKUP(B92&"_"&C92,AuxData!$X:$X,AuxData!$Y:$Y)="","Not defined",LOOKUP(B92&"_"&C92,AuxData!$X:$X,AuxData!$Y:$Y))) -> INVCELL | E92: T1911816742 | F92: INVCELL | G92: =IF(ISERROR(MATCH(E92&"_"&F92,AuxData!$X:$X,0)),"",IF(LOOKUP(E92&"_"&F92,AuxData!$X:$X,AuxData!$Y:$Y)="","Not defined",LOOKUP(E92&"_"&F92,AuxData!$X:$X,AuxData!$Y:$Y))) -> INVCELL | H92: Inner | I92: =IF(ISERROR(MATCH($E92,'3. Data Sources'!$B$5:$B$210,0)),"ERROR",LOOKUP($E92,'3. Data Sources'!$B$5:$B$210,'3. Data Sources'!$E$5:$E$210)) -> Y | J92: Left Outer
B93: ENR_OPERATORS | C93: MCC | D93: =IF(ISERROR(MATCH(B93&"_"&C93,AuxData!$X:$X,0)),"",IF(LOOKUP(B93&"_"&C93,AuxData!$X:$X,AuxData!$Y:$Y)="","Not defined",LOOKUP(B93&"_"&C93,AuxData!$X:$X,AuxData!$Y:$Y))) -> MCC | E93: T1911816742 | F93: MobileCountryCode | G93: =IF(ISERROR(MATCH(E93&"_"&F93,AuxData!$X:$X,0)),"",IF(LOOKUP(E93&"_"&F93,AuxData!$X:$X,AuxData!$Y:$Y)="","Not defined",LOOKUP(E93&"_"&F93,AuxData!$X:$X,AuxData!$Y:$Y))) -> MOBILECOUNTRYCODE | H93: Inner | I93: Y | J93: Left Outer
B94: ENR_OPERATORS | C94: MNC | D94: =IF(ISERROR(MATCH(B94&"_"&C94,AuxData!$X:$X,0)),"",IF(LOOKUP(B94&"_"&C94,AuxData!$X:$X,AuxData!$Y:$Y)="","Not defined",LOOKUP(B94&"_"&C94,AuxData!$X:$X,AuxData!$Y:$Y))) -> MNC | E94: T1911816742 | F94: MobileCountryCode | G94: =IF(ISERROR(MATCH(E94&"_"&F94,AuxData!$X:$X,0)),"",IF(LOOKUP(E94&"_"&F94,AuxData!$X:$X,AuxData!$Y:$Y)="","Not defined",LOOKUP(E94&"_"&F94,AuxData!$X:$X,AuxData!$Y:$Y))) -> MOBILECOUNTRYCODE | H94: Inner | I94: Y | J94: Left Outer
B95: ENR_RADIO_5G_CELLS | C95: INVCELL | D95: =IF(ISERROR(MATCH(B95&"_"&C95,AuxData!$X:$X,0)),"",IF(LOOKUP(B95&"_"&C95,AuxData!$X:$X,AuxData!$Y:$Y)="","Not defined",LOOKUP(B95&"_"&C95,AuxData!$X:$X,AuxData!$Y:$Y))) -> INVCELL | E95: T1911816743 | F95: INVCELL | G95: =IF(ISERROR(MATCH(E95&"_"&F95,AuxData!$X:$X,0)),"",IF(LOOKUP(E95&"_"&F95,AuxData!$X:$X,AuxData!$Y:$Y)="","Not defined",LOOKUP(E95&"_"&F95,AuxData!$X:$X,AuxData!$Y:$Y))) -> INVCELL | H95: Inner | I95: =IF(ISERROR(MATCH($E95,'3. Data Sources'!$B$5:$B$210,0)),"ERROR",LOOKUP($E95,'3. Data Sources'!$B$5:$B$210,'3. Data Sources'!$E$5:$E$210)) -> Y | J95: Left Outer
B96: ENR_OPERATORS | C96: MCC | D96: =IF(ISERROR(MATCH(B96&"_"&C96,AuxData!$X:$X,0)),"",IF(LOOKUP(B96&"_"&C96,AuxData!$X:$X,AuxData!$Y:$Y)="","Not defined",LOOKUP(B96&"_"&C96,AuxData!$X:$X,AuxData!$Y:$Y))) -> MCC | E96: T1911816743 | F96: MobileCountryCode | G96: =IF(ISERROR(MATCH(E96&"_"&F96,AuxData!$X:$X,0)),"",IF(LOOKUP(E96&"_"&F96,AuxData!$X:$X,AuxData!$Y:$Y)="","Not defined",LOOKUP(E96&"_"&F96,AuxData!$X:$X,AuxData!$Y:$Y))) -> MOBILECOUNTRYCODE | H96: Inner | I96: Y | J96: Left Outer
B97: ENR_OPERATORS | C97: MNC | D97: =IF(ISERROR(MATCH(B97&"_"&C97,AuxData!$X:$X,0)),"",IF(LOOKUP(B97&"_"&C97,AuxData!$X:$X,AuxData!$Y:$Y)="","Not defined",LOOKUP(B97&"_"&C97,AuxData!$X:$X,AuxData!$Y:$Y))) -> MNC | E97: T1911816743 | F97: MobileCountryCode | G97: =IF(ISERROR(MATCH(E97&"_"&F97,AuxData!$X:$X,0)),"",IF(LOOKUP(E97&"_"&F97,AuxData!$X:$X,AuxData!$Y:$Y)="","Not defined",LOOKUP(E97&"_"&F97,AuxData!$X:$X,AuxData!$Y:$Y))) -> MOBILECOUNTRYCODE | H97: Inner | I97: Y | J97: Left Outer
B98: ENR_RADIO_5G_CELLS | C98: INVCELL | D98: =IF(ISERROR(MATCH(B98&"_"&C98,AuxData!$X:$X,0)),"",IF(LOOKUP(B98&"_"&C98,AuxData!$X:$X,AuxData!$Y:$Y)="","Not defined",LOOKUP(B98&"_"&C98,AuxData!$X:$X,AuxData!$Y:$Y))) -> INVCELL | E98: T1911816850 | F98: INVCELL | G98: =IF(ISERROR(MATCH(E98&"_"&F98,AuxData!$X:$X,0)),"",IF(LOOKUP(E98&"_"&F98,AuxData!$X:$X,AuxData!$Y:$Y)="","Not defined",LOOKUP(E98&"_"&F98,AuxData!$X:$X,AuxData!$Y:$Y))) -> INVCELL | H98: Inner | I98: =IF(ISERROR(MATCH($E98,'3. Data Sources'!$B$5:$B$210,0)),"ERROR",LOOKUP($E98,'3. Data Sources'!$B$5:$B$210,'3. Data Sources'!$E$5:$E$210)) -> Y | J98: Left Outer
B99: ENR_OPERATORS | C99: MCC | D99: =IF(ISERROR(MATCH(B99&"_"&C99,AuxData!$X:$X,0)),"",IF(LOOKUP(B99&"_"&C99,AuxData!$X:$X,AuxData!$Y:$Y)="","Not defined",LOOKUP(B99&"_"&C99,AuxData!$X:$X,AuxData!$Y:$Y))) -> MCC | E99: T1911816850 | F99: MobileCountryCode | G99: =IF(ISERROR(MATCH(E99&"_"&F99,AuxData!$X:$X,0)),"",IF(LOOKUP(E99&"_"&F99,AuxData!$X:$X,AuxData!$Y:$Y)="","Not defined",LOOKUP(E99&"_"&F99,AuxData!$X:$X,AuxData!$Y:$Y))) -> MOBILECOUNTRYCODE | H99: Inner | I99: Y | J99: Left Outer
B100: ENR_OPERATORS | C100: MNC | D100: =IF(ISERROR(MATCH(B100&"_"&C100,AuxData!$X:$X,0)),"",IF(LOOKUP(B100&"_"&C100,AuxData!$X:$X,AuxData!$Y:$Y)="","Not defined",LOOKUP(B100&"_"&C100,AuxData!$X:$X,AuxData!$Y:$Y))) -> MNC | E100: T1911816850 | F100: MobileCountryCode | G100: =IF(ISERROR(MATCH(E100&"_"&F100,AuxData!$X:$X,0)),"",IF(LOOKUP(E100&"_"&F100,AuxData!$X:$X,AuxData!$Y:$Y)="","Not defined",LOOKUP(E100&"_"&F100,AuxData!$X:$X,AuxData!$Y:$Y))) -> MOBILECOUNTRYCODE | H100: Inner | I100: Y | J100: Left Outer
B101: ENR_RADIO_5G_CELLS | C101: INVCELL | D101: =IF(ISERROR(MATCH(B101&"_"&C101,AuxData!$X:$X,0)),"",IF(LOOKUP(B101&"_"&C101,AuxData!$X:$X,AuxData!$Y:$Y)="","Not defined",LOOKUP(B101&"_"&C101,AuxData!$X:$X,AuxData!$Y:$Y))) -> INVCELL | E101: T1911816852_5QI1 | F101: INVCELL | G101: =IF(ISERROR(MATCH(E101&"_"&F101,AuxData!$X:$X,0)),"",IF(LOOKUP(E101&"_"&F101,AuxData!$X:$X,AuxData!$Y:$Y)="","Not defined",LOOKUP(E101&"_"&F101,AuxData!$X:$X,AuxData!$Y:$Y))) -> INVCELL | H101: Inner | I101: =IF(ISERROR(MATCH($E101,'3. Data Sources'!$B$5:$B$210,0)),"ERROR",LOOKUP($E101,'3. Data Sources'!$B$5:$B$210,'3. Data Sources'!$E$5:$E$210)) -> Y | J101: Left Outer
B102: ENR_RADIO_5G_CELLS | C102: INVCELL | D102: =IF(ISERROR(MATCH(B102&"_"&C102,AuxData!$X:$X,0)),"",IF(LOOKUP(B102&"_"&C102,AuxData!$X:$X,AuxData!$Y:$Y)="","Not defined",LOOKUP(B102&"_"&C102,AuxData!$X:$X,AuxData!$Y:$Y))) -> INVCELL | E102: T1911816852_5QI5 | F102: INVCELL | G102: =IF(ISERROR(MATCH(E102&"_"&F102,AuxData!$X:$X,0)),"",IF(LOOKUP(E102&"_"&F102,AuxData!$X:$X,AuxData!$Y:$Y)="","Not defined",LOOKUP(E102&"_"&F102,AuxData!$X:$X,AuxData!$Y:$Y))) -> INVCELL | H102: Inner | I102: =IF(ISERROR(MATCH($E102,'3. Data Sources'!$B$5:$B$210,0)),"ERROR",LOOKUP($E102,'3. Data Sources'!$B$5:$B$210,'3. Data Sources'!$E$5:$E$210)) -> Y | J102: Left Outer
B103: ENR_RADIO_5G_CELLS | C103: INVCELL | D103: =IF(ISERROR(MATCH(B103&"_"&C103,AuxData!$X:$X,0)),"",IF(LOOKUP(B103&"_"&C103,AuxData!$X:$X,AuxData!$Y:$Y)="","Not defined",LOOKUP(B103&"_"&C103,AuxData!$X:$X,AuxData!$Y:$Y))) -> INVCELL | E103: T1911816852_5QI9 | F103: INVCELL | G103: =IF(ISERROR(MATCH(E103&"_"&F103,AuxData!$X:$X,0)),"",IF(LOOKUP(E103&"_"&F103,AuxData!$X:$X,AuxData!$Y:$Y)="","Not defined",LOOKUP(E103&"_"&F103,AuxData!$X:$X,AuxData!$Y:$Y))) -> INVCELL | H103: Inner | I103: =IF(ISERROR(MATCH($E103,'3. Data Sources'!$B$5:$B$210,0)),"ERROR",LOOKUP($E103,'3. Data Sources'!$B$5:$B$210,'3. Data Sources'!$E$5:$E$210)) -> Y | J103: Left Outer
B104: ENR_RADIO_5G_CELLS | C104: INVCELL | D104: =IF(ISERROR(MATCH(B104&"_"&C104,AuxData!$X:$X,0)),"",IF(LOOKUP(B104&"_"&C104,AuxData!$X:$X,AuxData!$Y:$Y)="","Not defined",LOOKUP(B104&"_"&C104,AuxData!$X:$X,AuxData!$Y:$Y))) -> INVCELL | E104: T1911816853_5QI1 | F104: INVCELL | G104: =IF(ISERROR(MATCH(E104&"_"&F104,AuxData!$X:$X,0)),"",IF(LOOKUP(E104&"_"&F104,AuxData!$X:$X,AuxData!$Y:$Y)="","Not defined",LOOKUP(E104&"_"&F104,AuxData!$X:$X,AuxData!$Y:$Y))) -> INVCELL | H104: Inner | I104: =IF(ISERROR(MATCH($E104,'3. Data Sources'!$B$5:$B$210,0)),"ERROR",LOOKUP($E104,'3. Data Sources'!$B$5:$B$210,'3. Data Sources'!$E$5:$E$210)) -> Y | J104: Left Outer
B105: ENR_RADIO_5G_CELLS | C105: INVCELL | D105: =IF(ISERROR(MATCH(B105&"_"&C105,AuxData!$X:$X,0)),"",IF(LOOKUP(B105&"_"&C105,AuxData!$X:$X,AuxData!$Y:$Y)="","Not defined",LOOKUP(B105&"_"&C105,AuxData!$X:$X,AuxData!$Y:$Y))) -> INVCELL | E105: T1911816853_5QI5 | F105: INVCELL | G105: =IF(ISERROR(MATCH(E105&"_"&F105,AuxData!$X:$X,0)),"",IF(LOOKUP(E105&"_"&F105,AuxData!$X:$X,AuxData!$Y:$Y)="","Not defined",LOOKUP(E105&"_"&F105,AuxData!$X:$X,AuxData!$Y:$Y))) -> INVCELL | H105: Inner | I105: =IF(ISERROR(MATCH($E105,'3. Data Sources'!$B$5:$B$210,0)),"ERROR",LOOKUP($E105,'3. Data Sources'!$B$5:$B$210,'3. Data Sources'!$E$5:$E$210)) -> Y | J105: Left Outer
B106: ENR_RADIO_5G_CELLS | C106: INVCELL | D106: =IF(ISERROR(MATCH(B106&"_"&C106,AuxData!$X:$X,0)),"",IF(LOOKUP(B106&"_"&C106,AuxData!$X:$X,AuxData!$Y:$Y)="","Not defined",LOOKUP(B106&"_"&C106,AuxData!$X:$X,AuxData!$Y:$Y))) -> INVCELL | E106: T1911816853_5QI9 | F106: INVCELL | G106: =IF(ISERROR(MATCH(E106&"_"&F106,AuxData!$X:$X,0)),"",IF(LOOKUP(E106&"_"&F106,AuxData!$X:$X,AuxData!$Y:$Y)="","Not defined",LOOKUP(E106&"_"&F106,AuxData!$X:$X,AuxData!$Y:$Y))) -> INVCELL | H106: Inner | I106: =IF(ISERROR(MATCH($E106,'3. Data Sources'!$B$5:$B$210,0)),"ERROR",LOOKUP($E106,'3. Data Sources'!$B$5:$B$210,'3. Data Sources'!$E$5:$E$210)) -> Y | J106: Left Outer
B107: ENR_RADIO_5G_CELLS | C107: INVCELL | D107: =IF(ISERROR(MATCH(B107&"_"&C107,AuxData!$X:$X,0)),"",IF(LOOKUP(B107&"_"&C107,AuxData!$X:$X,AuxData!$Y:$Y)="","Not defined",LOOKUP(B107&"_"&C107,AuxData!$X:$X,AuxData!$Y:$Y))) -> INVCELL | E107: T1911816855 | F107: INVCELL | G107: =IF(ISERROR(MATCH(E107&"_"&F107,AuxData!$X:$X,0)),"",IF(LOOKUP(E107&"_"&F107,AuxData!$X:$X,AuxData!$Y:$Y)="","Not defined",LOOKUP(E107&"_"&F107,AuxData!$X:$X,AuxData!$Y:$Y))) -> INVCELL | H107: Inner | I107: =IF(ISERROR(MATCH($E107,'3. Data Sources'!$B$5:$B$210,0)),"ERROR",LOOKUP($E107,'3. Data Sources'!$B$5:$B$210,'3. Data Sources'!$E$5:$E$210)) -> Y | J107: Left Outer
B108: ENR_OPERATORS | C108: MCC | D108: =IF(ISERROR(MATCH(B108&"_"&C108,AuxData!$X:$X,0)),"",IF(LOOKUP(B108&"_"&C108,AuxData!$X:$X,AuxData!$Y:$Y)="","Not defined",LOOKUP(B108&"_"&C108,AuxData!$X:$X,AuxData!$Y:$Y))) -> MCC | E108: T1911816855 | F108: MobileCountryCode | G108: =IF(ISERROR(MATCH(E108&"_"&F108,AuxData!$X:$X,0)),"",IF(LOOKUP(E108&"_"&F108,AuxData!$X:$X,AuxData!$Y:$Y)="","Not defined",LOOKUP(E108&"_"&F108,AuxData!$X:$X,AuxData!$Y:$Y))) -> MOBILECOUNTRYCODE | H108: Inner | I108: Y | J108: Left Outer
B109: ENR_OPERATORS | C109: MNC | D109: =IF(ISERROR(MATCH(B109&"_"&C109,AuxData!$X:$X,0)),"",IF(LOOKUP(B109&"_"&C109,AuxData!$X:$X,AuxData!$Y:$Y)="","Not defined",LOOKUP(B109&"_"&C109,AuxData!$X:$X,AuxData!$Y:$Y))) -> MNC | E109: T1911816855 | F109: MobileCountryCode | G109: =IF(ISERROR(MATCH(E109&"_"&F109,AuxData!$X:$X,0)),"",IF(LOOKUP(E109&"_"&F109,AuxData!$X:$X,AuxData!$Y:$Y)="","Not defined",LOOKUP(E109&"_"&F109,AuxData!$X:$X,AuxData!$Y:$Y))) -> MOBILECOUNTRYCODE | H109: Inner | I109: Y | J109: Left Outer
B110: ENR_RADIO_5G_CELLS | C110: INVCELL | D110: =IF(ISERROR(MATCH(B110&"_"&C110,AuxData!$X:$X,0)),"",IF(LOOKUP(B110&"_"&C110,AuxData!$X:$X,AuxData!$Y:$Y)="","Not defined",LOOKUP(B110&"_"&C110,AuxData!$X:$X,AuxData!$Y:$Y))) -> INVCELL | E110: T1911816856_5QI1 | F110: INVCELL | G110: =IF(ISERROR(MATCH(E110&"_"&F110,AuxData!$X:$X,0)),"",IF(LOOKUP(E110&"_"&F110,AuxData!$X:$X,AuxData!$Y:$Y)="","Not defined",LOOKUP(E110&"_"&F110,AuxData!$X:$X,AuxData!$Y:$Y))) -> INVCELL | H110: Inner | I110: =IF(ISERROR(MATCH($E110,'3. Data Sources'!$B$5:$B$210,0)),"ERROR",LOOKUP($E110,'3. Data Sources'!$B$5:$B$210,'3. Data Sources'!$E$5:$E$210)) -> Y | J110: Left Outer
B111: ENR_RADIO_5G_CELLS | C111: INVCELL | D111: =IF(ISERROR(MATCH(B111&"_"&C111,AuxData!$X:$X,0)),"",IF(LOOKUP(B111&"_"&C111,AuxData!$X:$X,AuxData!$Y:$Y)="","Not defined",LOOKUP(B111&"_"&C111,AuxData!$X:$X,AuxData!$Y:$Y))) -> INVCELL | E111: T1911816856_5QI5 | F111: INVCELL | G111: =IF(ISERROR(MATCH(E111&"_"&F111,AuxData!$X:$X,0)),"",IF(LOOKUP(E111&"_"&F111,AuxData!$X:$X,AuxData!$Y:$Y)="","Not defined",LOOKUP(E111&"_"&F111,AuxData!$X:$X,AuxData!$Y:$Y))) -> INVCELL | H111: Inner | I111: =IF(ISERROR(MATCH($E111,'3. Data Sources'!$B$5:$B$210,0)),"ERROR",LOOKUP($E111,'3. Data Sources'!$B$5:$B$210,'3. Data Sources'!$E$5:$E$210)) -> Y | J111: Left Outer
B112: ENR_RADIO_5G_CELLS | C112: INVCELL | D112: =IF(ISERROR(MATCH(B112&"_"&C112,AuxData!$X:$X,0)),"",IF(LOOKUP(B112&"_"&C112,AuxData!$X:$X,AuxData!$Y:$Y)="","Not defined",LOOKUP(B112&"_"&C112,AuxData!$X:$X,AuxData!$Y:$Y))) -> INVCELL | E112: T1911816856_5QI9 | F112: INVCELL | G112: =IF(ISERROR(MATCH(E112&"_"&F112,AuxData!$X:$X,0)),"",IF(LOOKUP(E112&"_"&F112,AuxData!$X:$X,AuxData!$Y:$Y)="","Not defined",LOOKUP(E112&"_"&F112,AuxData!$X:$X,AuxData!$Y:$Y))) -> INVCELL | H112: Inner | I112: =IF(ISERROR(MATCH($E112,'3. Data Sources'!$B$5:$B$210,0)),"ERROR",LOOKUP($E112,'3. Data Sources'!$B$5:$B$210,'3. Data Sources'!$E$5:$E$210)) -> Y | J112: Left Outer
B113: ENR_RADIO_5G_CELLS | C113: INVCELL | D113: =IF(ISERROR(MATCH(B113&"_"&C113,AuxData!$X:$X,0)),"",IF(LOOKUP(B113&"_"&C113,AuxData!$X:$X,AuxData!$Y:$Y)="","Not defined",LOOKUP(B113&"_"&C113,AuxData!$X:$X,AuxData!$Y:$Y))) -> INVCELL | E113: T1911816857 | F113: INVCELL | G113: =IF(ISERROR(MATCH(E113&"_"&F113,AuxData!$X:$X,0)),"",IF(LOOKUP(E113&"_"&F113,AuxData!$X:$X,AuxData!$Y:$Y)="","Not defined",LOOKUP(E113&"_"&F113,AuxData!$X:$X,AuxData!$Y:$Y))) -> INVCELL | H113: Inner | I113: =IF(ISERROR(MATCH($E113,'3. Data Sources'!$B$5:$B$210,0)),"ERROR",LOOKUP($E113,'3. Data Sources'!$B$5:$B$210,'3. Data Sources'!$E$5:$E$210)) -> Y | J113: Left Outer
B114: ENR_OPERATORS | C114: MCC | D114: =IF(ISERROR(MATCH(B114&"_"&C114,AuxData!$X:$X,0)),"",IF(LOOKUP(B114&"_"&C114,AuxData!$X:$X,AuxData!$Y:$Y)="","Not defined",LOOKUP(B114&"_"&C114,AuxData!$X:$X,AuxData!$Y:$Y))) -> MCC | E114: T1911816857 | F114: MobileCountryCode | G114: =IF(ISERROR(MATCH(E114&"_"&F114,AuxData!$X:$X,0)),"",IF(LOOKUP(E114&"_"&F114,AuxData!$X:$X,AuxData!$Y:$Y)="","Not defined",LOOKUP(E114&"_"&F114,AuxData!$X:$X,AuxData!$Y:$Y))) -> MOBILECOUNTRYCODE | H114: Inner | I114: Y | J114: Left Outer
B115: ENR_OPERATORS | C115: MNC | D115: =IF(ISERROR(MATCH(B115&"_"&C115,AuxData!$X:$X,0)),"",IF(LOOKUP(B115&"_"&C115,AuxData!$X:$X,AuxData!$Y:$Y)="","Not defined",LOOKUP(B115&"_"&C115,AuxData!$X:$X,AuxData!$Y:$Y))) -> MNC | E115: T1911816857 | F115: MobileCountryCode | G115: =IF(ISERROR(MATCH(E115&"_"&F115,AuxData!$X:$X,0)),"",IF(LOOKUP(E115&"_"&F115,AuxData!$X:$X,AuxData!$Y:$Y)="","Not defined",LOOKUP(E115&"_"&F115,AuxData!$X:$X,AuxData!$Y:$Y))) -> MOBILECOUNTRYCODE | H115: Inner | I115: Y | J115: Left Outer
B116: ENR_RADIO_5G_CELLS | C116: INVCELL | D116: =IF(ISERROR(MATCH(B116&"_"&C116,AuxData!$X:$X,0)),"",IF(LOOKUP(B116&"_"&C116,AuxData!$X:$X,AuxData!$Y:$Y)="","Not defined",LOOKUP(B116&"_"&C116,AuxData!$X:$X,AuxData!$Y:$Y))) -> INVCELL | E116: T1911817157_5QI1 | F116: INVCELL | G116: =IF(ISERROR(MATCH(E116&"_"&F116,AuxData!$X:$X,0)),"",IF(LOOKUP(E116&"_"&F116,AuxData!$X:$X,AuxData!$Y:$Y)="","Not defined",LOOKUP(E116&"_"&F116,AuxData!$X:$X,AuxData!$Y:$Y))) -> INVCELL | H116: Inner | I116: =IF(ISERROR(MATCH($E116,'3. Data Sources'!$B$5:$B$210,0)),"ERROR",LOOKUP($E116,'3. Data Sources'!$B$5:$B$210,'3. Data Sources'!$E$5:$E$210)) -> Y | J116: Left Outer
B117: ENR_RADIO_5G_CELLS | C117: INVCELL | D117: =IF(ISERROR(MATCH(B117&"_"&C117,AuxData!$X:$X,0)),"",IF(LOOKUP(B117&"_"&C117,AuxData!$X:$X,AuxData!$Y:$Y)="","Not defined",LOOKUP(B117&"_"&C117,AuxData!$X:$X,AuxData!$Y:$Y))) -> INVCELL | E117: T1911817157_5QI5 | F117: INVCELL | G117: =IF(ISERROR(MATCH(E117&"_"&F117,AuxData!$X:$X,0)),"",IF(LOOKUP(E117&"_"&F117,AuxData!$X:$X,AuxData!$Y:$Y)="","Not defined",LOOKUP(E117&"_"&F117,AuxData!$X:$X,AuxData!$Y:$Y))) -> INVCELL | H117: Inner | I117: =IF(ISERROR(MATCH($E117,'3. Data Sources'!$B$5:$B$210,0)),"ERROR",LOOKUP($E117,'3. Data Sources'!$B$5:$B$210,'3. Data Sources'!$E$5:$E$210)) -> Y | J117: Left Outer
B118: ENR_RADIO_5G_CELLS | C118: INVCELL | D118: =IF(ISERROR(MATCH(B118&"_"&C118,AuxData!$X:$X,0)),"",IF(LOOKUP(B118&"_"&C118,AuxData!$X:$X,AuxData!$Y:$Y)="","Not defined",LOOKUP(B118&"_"&C118,AuxData!$X:$X,AuxData!$Y:$Y))) -> INVCELL | E118: T1911817157_5QI9 | F118: INVCELL | G118: =IF(ISERROR(MATCH(E118&"_"&F118,AuxData!$X:$X,0)),"",IF(LOOKUP(E118&"_"&F118,AuxData!$X:$X,AuxData!$Y:$Y)="","Not defined",LOOKUP(E118&"_"&F118,AuxData!$X:$X,AuxData!$Y:$Y))) -> INVCELL | H118: Inner | I118: =IF(ISERROR(MATCH($E118,'3. Data Sources'!$B$5:$B$210,0)),"ERROR",LOOKUP($E118,'3. Data Sources'!$B$5:$B$210,'3. Data Sources'!$E$5:$E$210)) -> Y | J118: Left Outer
B119: ENR_RADIO_5G_CELLS | C119: INVCELL | D119: =IF(ISERROR(MATCH(B119&"_"&C119,AuxData!$X:$X,0)),"",IF(LOOKUP(B119&"_"&C119,AuxData!$X:$X,AuxData!$Y:$Y)="","Not defined",LOOKUP(B119&"_"&C119,AuxData!$X:$X,AuxData!$Y:$Y))) -> INVCELL | E119: T1911817158_5QI1 | F119: INVCELL | G119: =IF(ISERROR(MATCH(E119&"_"&F119,AuxData!$X:$X,0)),"",IF(LOOKUP(E119&"_"&F119,AuxData!$X:$X,AuxData!$Y:$Y)="","Not defined",LOOKUP(E119&"_"&F119,AuxData!$X:$X,AuxData!$Y:$Y))) -> INVCELL | H119: Inner | I119: =IF(ISERROR(MATCH($E119,'3. Data Sources'!$B$5:$B$210,0)),"ERROR",LOOKUP($E119,'3. Data Sources'!$B$5:$B$210,'3. Data Sources'!$E$5:$E$210)) -> Y | J119: Left Outer
B120: ENR_RADIO_5G_CELLS | C120: INVCELL | D120: =IF(ISERROR(MATCH(B120&"_"&C120,AuxData!$X:$X,0)),"",IF(LOOKUP(B120&"_"&C120,AuxData!$X:$X,AuxData!$Y:$Y)="","Not defined",LOOKUP(B120&"_"&C120,AuxData!$X:$X,AuxData!$Y:$Y))) -> INVCELL | E120: T1911817158_5QI5 | F120: INVCELL | G120: =IF(ISERROR(MATCH(E120&"_"&F120,AuxData!$X:$X,0)),"",IF(LOOKUP(E120&"_"&F120,AuxData!$X:$X,AuxData!$Y:$Y)="","Not defined",LOOKUP(E120&"_"&F120,AuxData!$X:$X,AuxData!$Y:$Y))) -> INVCELL | H120: Inner | I120: =IF(ISERROR(MATCH($E120,'3. Data Sources'!$B$5:$B$210,0)),"ERROR",LOOKUP($E120,'3. Data Sources'!$B$5:$B$210,'3. Data Sources'!$E$5:$E$210)) -> Y | J120: Left Outer
B121: ENR_RADIO_5G_CELLS | C121: INVCELL | D121: =IF(ISERROR(MATCH(B121&"_"&C121,AuxData!$X:$X,0)),"",IF(LOOKUP(B121&"_"&C121,AuxData!$X:$X,AuxData!$Y:$Y)="","Not defined",LOOKUP(B121&"_"&C121,AuxData!$X:$X,AuxData!$Y:$Y))) -> INVCELL | E121: T1911817158_5QI9 | F121: INVCELL | G121: =IF(ISERROR(MATCH(E121&"_"&F121,AuxData!$X:$X,0)),"",IF(LOOKUP(E121&"_"&F121,AuxData!$X:$X,AuxData!$Y:$Y)="","Not defined",LOOKUP(E121&"_"&F121,AuxData!$X:$X,AuxData!$Y:$Y))) -> INVCELL | H121: Inner | I121: =IF(ISERROR(MATCH($E121,'3. Data Sources'!$B$5:$B$210,0)),"ERROR",LOOKUP($E121,'3. Data Sources'!$B$5:$B$210,'3. Data Sources'!$E$5:$E$210)) -> Y | J121: Left Outer
B122: ENR_RADIO_5G_CELLS | C122: INVCELL | D122: =IF(ISERROR(MATCH(B122&"_"&C122,AuxData!$X:$X,0)),"",IF(LOOKUP(B122&"_"&C122,AuxData!$X:$X,AuxData!$Y:$Y)="","Not defined",LOOKUP(B122&"_"&C122,AuxData!$X:$X,AuxData!$Y:$Y))) -> INVCELL | E122: T1911817261_CQI1 | F122: INVCELL | G122: =IF(ISERROR(MATCH(E122&"_"&F122,AuxData!$X:$X,0)),"",IF(LOOKUP(E122&"_"&F122,AuxData!$X:$X,AuxData!$Y:$Y)="","Not defined",LOOKUP(E122&"_"&F122,AuxData!$X:$X,AuxData!$Y:$Y))) -> INVCELL | H122: Inner | I122: =IF(ISERROR(MATCH($E122,'3. Data Sources'!$B$5:$B$210,0)),"ERROR",LOOKUP($E122,'3. Data Sources'!$B$5:$B$210,'3. Data Sources'!$E$5:$E$210)) -> Y | J122: Left Outer
B123: ENR_RADIO_5G_CELLS | C123: INVCELL | D123: =IF(ISERROR(MATCH(B123&"_"&C123,AuxData!$X:$X,0)),"",IF(LOOKUP(B123&"_"&C123,AuxData!$X:$X,AuxData!$Y:$Y)="","Not defined",LOOKUP(B123&"_"&C123,AuxData!$X:$X,AuxData!$Y:$Y))) -> INVCELL | E123: T1911817261_CQI5 | F123: INVCELL | G123: =IF(ISERROR(MATCH(E123&"_"&F123,AuxData!$X:$X,0)),"",IF(LOOKUP(E123&"_"&F123,AuxData!$X:$X,AuxData!$Y:$Y)="","Not defined",LOOKUP(E123&"_"&F123,AuxData!$X:$X,AuxData!$Y:$Y))) -> INVCELL | H123: Inner | I123: =IF(ISERROR(MATCH($E123,'3. Data Sources'!$B$5:$B$210,0)),"ERROR",LOOKUP($E123,'3. Data Sources'!$B$5:$B$210,'3. Data Sources'!$E$5:$E$210)) -> Y | J123: Left Outer
B124: ENR_RADIO_5G_CELLS | C124: INVCELL | D124: =IF(ISERROR(MATCH(B124&"_"&C124,AuxData!$X:$X,0)),"",IF(LOOKUP(B124&"_"&C124,AuxData!$X:$X,AuxData!$Y:$Y)="","Not defined",LOOKUP(B124&"_"&C124,AuxData!$X:$X,AuxData!$Y:$Y))) -> INVCELL | E124: T1911817261_CQI9 | F124: INVCELL | G124: =IF(ISERROR(MATCH(E124&"_"&F124,AuxData!$X:$X,0)),"",IF(LOOKUP(E124&"_"&F124,AuxData!$X:$X,AuxData!$Y:$Y)="","Not defined",LOOKUP(E124&"_"&F124,AuxData!$X:$X,AuxData!$Y:$Y))) -> INVCELL | H124: Inner | I124: =IF(ISERROR(MATCH($E124,'3. Data Sources'!$B$5:$B$210,0)),"ERROR",LOOKUP($E124,'3. Data Sources'!$B$5:$B$210,'3. Data Sources'!$E$5:$E$210)) -> Y | J124: Left Outer
B125: ENR_RADIO_5G_CELLS | C125: INVCELL | D125: =IF(ISERROR(MATCH(B125&"_"&C125,AuxData!$X:$X,0)),"",IF(LOOKUP(B125&"_"&C125,AuxData!$X:$X,AuxData!$Y:$Y)="","Not defined",LOOKUP(B125&"_"&C125,AuxData!$X:$X,AuxData!$Y:$Y))) -> INVCELL | E125: T1914437646 | F125: INVCELL | G125: =IF(ISERROR(MATCH(E125&"_"&F125,AuxData!$X:$X,0)),"",IF(LOOKUP(E125&"_"&F125,AuxData!$X:$X,AuxData!$Y:$Y)="","Not defined",LOOKUP(E125&"_"&F125,AuxData!$X:$X,AuxData!$Y:$Y))) -> INVCELL | H125: Inner | I125: =IF(ISERROR(MATCH($E125,'3. Data Sources'!$B$5:$B$210,0)),"ERROR",LOOKUP($E125,'3. Data Sources'!$B$5:$B$210,'3. Data Sources'!$E$5:$E$210)) -> Y | J125: Left Outer
B126: ENR_RADIO_5G_SNSSAI | C126: SD | D126: =IF(ISERROR(MATCH(B126&"_"&C126,AuxData!$X:$X,0)),"",IF(LOOKUP(B126&"_"&C126,AuxData!$X:$X,AuxData!$Y:$Y)="","Not defined",LOOKUP(B126&"_"&C126,AuxData!$X:$X,AuxData!$Y:$Y))) -> SD | E126: T1914437646 | F126: SliceDifferentiator | G126: =IF(ISERROR(MATCH(E126&"_"&F126,AuxData!$X:$X,0)),"",IF(LOOKUP(E126&"_"&F126,AuxData!$X:$X,AuxData!$Y:$Y)="","Not defined",LOOKUP(E126&"_"&F126,AuxData!$X:$X,AuxData!$Y:$Y))) -> SLICEDIFFERENTIATOR | H126: Left Outer | I126: =IF(ISERROR(MATCH($E126,'3. Data Sources'!$B$5:$B$210,0)),"ERROR",LOOKUP($E126,'3. Data Sources'!$B$5:$B$210,'3. Data Sources'!$E$5:$E$210)) -> Y | J126: Left Outer
B127: ENR_RADIO_5G_SNSSAI | C127: SST | D127: =IF(ISERROR(MATCH(B127&"_"&C127,AuxData!$X:$X,0)),"",IF(LOOKUP(B127&"_"&C127,AuxData!$X:$X,AuxData!$Y:$Y)="","Not defined",LOOKUP(B127&"_"&C127,AuxData!$X:$X,AuxData!$Y:$Y))) -> SST | E127: T1914437646 | F127: SliceServiceType | G127: =IF(ISERROR(MATCH(E127&"_"&F127,AuxData!$X:$X,0)),"",IF(LOOKUP(E127&"_"&F127,AuxData!$X:$X,AuxData!$Y:$Y)="","Not defined",LOOKUP(E127&"_"&F127,AuxData!$X:$X,AuxData!$Y:$Y))) -> SLICESERVICETYPE | H127: Left Outer | I127: =IF(ISERROR(MATCH($E127,'3. Data Sources'!$B$5:$B$210,0)),"ERROR",LOOKUP($E127,'3. Data Sources'!$B$5:$B$210,'3. Data Sources'!$E$5:$E$210)) -> Y | J127: Left Outer
... B157: ENR_RADIO_5G_CELLS | C157: INVCELL | D157: =IF(ISERROR(MATCH(B157&"_"&C157,AuxData!$X:$X,0)),"",IF(LOOKUP(B157&"_"&C157,AuxData!$X:$X,AuxData!$Y:$Y)="","Not defined",LOOKUP(B157&"_"&C157,AuxData!$X:$X,AuxData!$Y:$Y))) -> INVCELL | E157: T1914438708_5QI9 | F157: INVCELL | G157: =IF(ISERROR(MATCH(E157&"_"&F157,AuxData!$X:$X,0)),"",IF(LOOKUP(E157&"_"&F157,AuxData!$X:$X,AuxData!$Y:$Y)="","Not defined",LOOKUP(E157&"_"&F157,AuxData!$X:$X,AuxData!$Y:$Y))) -> INVCELL | H157: Inner | I157: =IF(ISERROR(MATCH($E157,'3. Data Sources'!$B$5:$B$210,0)),"ERROR",LOOKUP($E157,'3. Data Sources'!$B$5:$B$210,'3. Data Sources'!$E$5:$E$210)) -> Y | J157: Left Outer

Sheet 4. Hierarchy
B2: 4. Hierarchy

Sheet 4. BUS Matrix
B2: 4. BUS Matrix
B4: Class Name | C4: Class Inventory Name | D4: Class Physical Name | E4: Size Check | F4: Temporal Consolidations | G4: Busy Hour Consolidations | H4: Dimensions | I4: DA_R5G_MUNICIPIO_Add_Info | J4: DA_R5G_gNodeB_GEOGRAPHY | K4: DA_R5G_gNodeB_COORDINATES | L4: DA_R5G_Site_ADD_INFO | M4: DA_R5G_Cell_Operator | N4: DA_R5G_Cell_COVERAGE | O4: DA_R5G_Cell_Radio | P4: DA_R5G_HUA_gNodeB_GEO | Q4: DA_R5G_HUA_SITE_OPER | R4: DA_R5G_HUA_gNodeB_COORD | S4: DA_R5G_HUA_Site_Add_INFO | T4: <Dimension> | U4: <Dimension>
B5: RAN | C5: RAN | D5: RAN | E5: Hour; Day; Week; Month; Year | F5: Busy Hour; Busy Week; Busy Month | G5: Busy Hour; Busy Week; Busy Month
B6: GEO | C6: R5G_Geo | D6: R5G_GEO | E6: Hour; Day; Week; Month; Year | F6: Busy Hour; Busy Week; Busy Month | G6: Busy Hour; Busy Week; Busy Month
B7: Municipio | C7: R5G_Municipio | D7: R5G_MUNICIPIO | E7: Hour; Day; Week; Month; Year | F7: Busy Hour; Busy Week; Busy Month | G7: Busy Hour; Busy Week; Busy Month | I7: x
B8: gNodeB | C8: R5G_gNodeB | D8: R5G_GNODEB | E8: Hour; Day; Week; Month; Year | F8: Busy Hour; Busy Week; Busy Month | G8: Busy Hour; Busy Week; Busy Month | I8: x | J8: x | K8: x
B9: Cell | C9: R5G_Cell | D9: R5G_CELL | E9: Hour; Day; Week; Month; Year | F9: Busy Hour; Busy Week; Busy Month | G9: Busy Hour; Busy Week; Busy Month | I9: x | J9: x | K9: x | L9: x | M9: x | N9: x | O9: x
B10: ADJL | C10: R5G_ADJL | D10: R5G_ADJL | E10: Hour; Day; Week; Month; Year | F10: Busy Hour; Busy Week; Busy Month | G10: Busy Hour; Busy Week; Busy Month | I10: x | J10: x | K10: x | L10: x | M10: x | N10: x | O10: x
B11: ADJN | C11: R5G_ADJN | D11: R5G_ADJN | E11: Hour; Day; Week; Month; Year | F11: Busy Hour; Busy Week; Busy Month | G11: Busy Hour; Busy Week; Busy Month | I11: x | J11: x | K11: x | L11: x | M11: x | N11: x | O11: x
B12: PLMN_Slice | C12: R5G_PLMN_Slice | D12: R5G_PLMN_SLICE | E12: Hour; Day; Week; Month; Year | F12: Busy Hour; Busy Week; Busy Month | G12: Busy Hour; Busy Week; Busy Month | I12: x | J12: x | K12: x | L12: x | M12: x | N12: x | O12: x
B13: PLMN | C13: R5G_PLMN | D13: R5G_PLMN | E13: Hour; Day; Week; Month; Year | F13: Busy Hour; Busy Week; Busy Month | G13: Busy Hour; Busy Week; Busy Month | I13: x | J13: x | K13: x | L13: x | M13: x | N13: x | O13: x
B14: HUA_gNodeB | C14: R5G_HUA_gNodeB | D14: R5G_HUA_GNODEB | E14: =LEN(D14) -> 14 | F14: Hour; Day; Week; Month; Year | G14: Busy Hour; Busy Week; Busy Month | P14: x | Q14: x | R14: x | S14: x
B15: HUA_IPPATH | C15: R5G_HUA_IPPATH | D15: R5G_HUA_IPPATH | E15: =LEN(D15) -> 14 | F15: Hour; Day; Week; Month; Year | G15: Busy Hour; Busy Week; Busy Month | P15: x | Q15: x | R15: x | S15: x
B16: HUA_SCTP | C16: R5G_HUA_SCTP | D16: R5G_HUA_SCTP | E16: =LEN(D16) -> 12 | F16: Hour; Day; Week; Month; Year | G16: Busy Hour; Busy Week; Busy Month | P16: x | Q16: x | R16: x | S16: x
B17: HUA_gNodeB_Cabinet | C17: R5G_HUA_gNodeB_Cabinet | D17: R5G_HUA_GNODEBCBN | E17: =LEN(D17) -> 17 | F17: Hour; Day; Week; Month; Year | G17: Busy Hour; Busy Week; Busy Month | P17: x | Q17: x | R17: x | S17: x
B18: HUA_gNodeB_Subrack | C18: R5G_HUA_gNodeB_Subrack | D18: R5G_HUA_GNODEBSRN | E18: =LEN(D18) -> 17 | F18: Hour; Day; Week; Month; Year | G18: Busy Hour; Busy Week; Busy Month | P18: x | Q18: x | R18: x | S18: x
B19: HUA_gNodeB_Slot | C19: R5G_HUA_gNodeB_Slot | D19: R5G_HUA_GNODEBSN | E19: =LEN(D19) -> 16 | F19: Hour; Day; Week; Month; Year | G19: Busy Hour; Busy Week; Busy Month | P19: x | Q19: x | R19: x | S19: x
B20: HUA_gNodeB_BoardType | C20: R5G_HUA_gNodeB_BoardType | D20: R5G_HUA_GNODEBBTP | E20: =LEN(D20) -> 17 | F20: Hour; Day; Week; Month; Year | G20: Busy Hour; Busy Week; Busy Month | P20: x | Q20: x | R20: x | S20: x
B21: HUA_gNodeB_SubboardType | C21: R5G_HUA_gNodeB_SubboardType | D21: R5G_HUA_GNODEBSBT | E21: =LEN(D21) -> 17 | F21: Hour; Day; Week; Month; Year | G21: Busy Hour; Busy Week; Busy Month | P21: x | Q21: x | R21: x | S21: x
B22: HUA_gNodeB_Port | C22: R5G_HUA_gNodeB_Port | D22: R5G_HUA_GNODEBPRT | E22: =LEN(D22) -> 17 | F22: Hour; Day; Week; Month; Year | G22: Busy Hour; Busy Week; Busy Month | P22: x | Q22: x | R22: x | S22: x
B23: HUA_ETH | C23: R5G_HUA_ETH | D23: R5G_HUA_ETH | E23: =LEN(D23) -> 11 | F23: Hour; Day; Week; Month; Year | G23: Busy Hour; Busy Week; Busy Month | P23: x | Q23: x | R23: x | S23: x
B24: HUA_IPCLK | C24: R5G_HUA_IPCLK | D24: R5G_HUA_IPCLK | E24: =LEN(D24) -> 13 | F24: Hour; Day; Week; Month; Year | G24: Busy Hour; Busy Week; Busy Month | P24: x | Q24: x | R24: x | S24: x
B25: <Class> | E25: =LEN(D25) -> 0
B26: <Class> | E26: =LEN(D26) -> 0
B27: <Class> | E27: =LEN(D27) -> 0
B28: <Class> | E28: =LEN(D28) -> 0

Sheet 4. Dimensions & Entities
B2: 4. Dimensions & Entities
B4: Dimension/Entity | C4: Dimension/Entity Name | D4: Dimension/Entity Physical Name | E4: Dimension Description | F4: Attribute Name | G4: Attribute Physical Name | H4: Attribute Description | I4: Data Type | J4: Source Name | K4: Source Attribute Name | L4: Source Attribute Physical Name
B5: Entity | C5: RAN | D5: D_ENTITY_RAN | F5: dST | G5: DST | L5: =IF(ISERROR(MATCH(J5&"_"&K5,AuxData!$X:$X,0)),"",IF(LOOKUP(J5&"_"&K5,AuxData!$X:$X,AuxData!$Y:$Y)="","Not defined",LOOKUP(J5&"_"&K5,AuxData!$X:$X,AuxData!$Y:$Y)))
B6: Entity | C6: RAN | D6: D_ENTITY_RAN | F6: OperatorName | G6: OPERATORNAME | L6: =IF(ISERROR(MATCH(J6&"_"&K6,AuxData!$X:$X,0)),"",IF(LOOKUP(J6&"_"&K6,AuxData!$X:$X,AuxData!$Y:$Y)="","Not defined",LOOKUP(J6&"_"&K6,AuxData!$X:$X,AuxData!$Y:$Y)))
B7: Entity | C7: GEO | D7: D_ENTITY_R4G_GEO | F7: dST | G7: DST | L7: =IF(ISERROR(MATCH(J7&"_"&K7,AuxData!$X:$X,0)),"",IF(LOOKUP(J7&"_"&K7,AuxData!$X:$X,AuxData!$Y:$Y)="","Not defined",LOOKUP(J7&"_"&K7,AuxData!$X:$X,AuxData!$Y:$Y)))
B8: Entity | C8: GEO | D8: D_ENTITY_R4G_GEO | F8: OperatorName | G8: OPERATORNAME | L8: =IF(ISERROR(MATCH(J8&"_"&K8,AuxData!$X:$X,0)),"",IF(LOOKUP(J8&"_"&K8,AuxData!$X:$X,AuxData!$Y:$Y)="","Not defined",LOOKUP(J8&"_"&K8,AuxData!$X:$X,AuxData!$Y:$Y)))
B9: Entity | C9: GEO | D9: D_ENTITY_R4G_GEO | F9: CN | G9: CN | J9: ENR_RADIO_5G_CELLS | K9: GNODEB_CN | L9: =IF(ISERROR(MATCH(J9&"_"&K9,AuxData!$X:$X,0)),"",IF(LOOKUP(J9&"_"&K9,AuxData!$X:$X,AuxData!$Y:$Y)="","Not defined",LOOKUP(J9&"_"&K9,AuxData!$X:$X,AuxData!$Y:$Y))) -> GNODEB_CN
B10: Entity | C10: GEO | D10: D_ENTITY_R4G_GEO | F10: CN | G10: CN | J10: ENR_RADIO_5G_GNODEB | K10: eNODEB_CN | L10: =IF(ISERROR(MATCH(J10&"_"&K10,AuxData!$X:$X,0)),"",IF(LOOKUP(J10&"_"&K10,AuxData!$X:$X,AuxData!$Y:$Y)="","Not defined",LOOKUP(J10&"_"&K10,AuxData!$X:$X,AuxData!$Y:$Y)))
B11: Entity | C11: GEO | D11: D_ENTITY_R4G_GEO | F11: UF | G11: UF | J11: ENR_RADIO_5G_CELLS | K11: eNODEB_UF | L11: =IF(ISERROR(MATCH(J11&"_"&K11,AuxData!$X:$X,0)),"",IF(LOOKUP(J11&"_"&K11,AuxData!$X:$X,AuxData!$Y:$Y)="","Not defined",LOOKUP(J11&"_"&K11,AuxData!$X:$X,AuxData!$Y:$Y)))
B12: Entity | C12: GEO | D12: D_ENTITY_R4G_GEO | F12: UF | G12: UF | J12: ENR_RADIO_5G_GNODEB | K12: eNODEB_UF | L12: =IF(ISERROR(MATCH(J12&"_"&K12,AuxData!$X:$X,0)),"",IF(LOOKUP(J12&"_"&K12,AuxData!$X:$X,AuxData!$Y:$Y)="","Not defined",LOOKUP(J12&"_"&K12,AuxData!$X:$X,AuxData!$Y:$Y)))
B13: Entity | C13: GEO | D13: D_ENTITY_R4G_GEO | F13: Region | G13: REGION | J13: ENR_RADIO_5G_CELLS | K13: eNODEB_REGION | L13: =IF(ISERROR(MATCH(J13&"_"&K13,AuxData!$X:$X,0)),"",IF(LOOKUP(J13&"_"&K13,AuxData!$X:$X,AuxData!$Y:$Y)="","Not defined",LOOKUP(J13&"_"&K13,AuxData!$X:$X,AuxData!$Y:$Y)))
B14: Entity | C14: GEO | D14: D_ENTITY_R4G_GEO | F14: Region | G14: REGION | J14: ENR_RADIO_5G_GNODEB | K14: eNODEB_REGION | L14: =IF(ISERROR(MATCH(J14&"_"&K14,AuxData!$X:$X,0)),"",IF(LOOKUP(J14&"_"&K14,AuxData!$X:$X,AuxData!$Y:$Y)="","Not defined",LOOKUP(J14&"_"&K14,AuxData!$X:$X,AuxData!$Y:$Y)))
B15: Entity | C15: GEO | D15: D_ENTITY_R4G_GEO | F15: Operator | G15: OPERATOR | J15: ENR_RADIO_5G_CELLS | K15: SITE_OPERATOR | L15: =IF(ISERROR(MATCH(J15&"_"&K15,AuxData!$X:$X,0)),"",IF(LOOKUP(J15&"_"&K15,AuxData!$X:$X,AuxData!$Y:$Y)="","Not defined",LOOKUP(J15&"_"&K15,AuxData!$X:$X,AuxData!$Y:$Y))) -> SITE_OPERATOR
B16: Entity | C16: GEO | D16: D_ENTITY_R4G_GEO | F16: Operator | G16: OPERATOR | J16: ENR_RADIO_5G_GNODEB | K16: SITE_OPERATOR | L16: =IF(ISERROR(MATCH(J16&"_"&K16,AuxData!$X:$X,0)),"",IF(LOOKUP(J16&"_"&K16,AuxData!$X:$X,AuxData!$Y:$Y)="","Not defined",LOOKUP(J16&"_"&K16,AuxData!$X:$X,AuxData!$Y:$Y))) -> SITE_OPERATOR
B17: Entity | C17: GEO | D17: D_ENTITY_R4G_GEO | F17: Vendor | G17: VENDOR | J17: ENR_RADIO_5G_CELLS | K17: SITE_VENDOR | L17: =IF(ISERROR(MATCH(J17&"_"&K17,AuxData!$X:$X,0)),"",IF(LOOKUP(J17&"_"&K17,AuxData!$X:$X,AuxData!$Y:$Y)="","Not defined",LOOKUP(J17&"_"&K17,AuxData!$X:$X,AuxData!$Y:$Y))) -> SITE_VENDOR
B18: Entity | C18: GEO | D18: D_ENTITY_R4G_GEO | F18: Vendor | G18: VENDOR | J18: ENR_RADIO_5G_GNODEB | K18: SITE_VENDOR | L18: =IF(ISERROR(MATCH(J18&"_"&K18,AuxData!$X:$X,0)),"",IF(LOOKUP(J18&"_"&K18,AuxData!$X:$X,AuxData!$Y:$Y)="","Not defined",LOOKUP(J18&"_"&K18,AuxData!$X:$X,AuxData!$Y:$Y))) -> SITE_VENDOR
B19: Entity | C19: Municipio | D19: D_ENTITY_R4G_MUNICIPIO | F19: dST | G19: DST | L19: =IF(ISERROR(MATCH(J19&"_"&K19,AuxData!$X:$X,0)),"",IF(LOOKUP(J19&"_"&K19,AuxData!$X:$X,AuxData!$Y:$Y)="","Not defined",LOOKUP(J19&"_"&K19,AuxData!$X:$X,AuxData!$Y:$Y)))
B20: Entity | C20: Municipio | D20: D_ENTITY_R4G_MUNICIPIO | F20: OperatorName | G20: OPERATORNAME | L20: =IF(ISERROR(MATCH(J20&"_"&K20,AuxData!$X:$X,0)),"",IF(LOOKUP(J20&"_"&K20,AuxData!$X:$X,AuxData!$Y:$Y)="","Not defined",LOOKUP(J20&"_"&K20,AuxData!$X:$X,AuxData!$Y:$Y)))
B21: Entity | C21: Municipio | D21: D_ENTITY_R4G_MUNICIPIO | F21: CN | G21: CN | J21: ENR_RADIO_5G_CELLS | K21: eNODEB_CN | L21: =IF(ISERROR(MATCH(J21&"_"&K21,AuxData!$X:$X,0)),"",IF(LOOKUP(J21&"_"&K21,AuxData!$X:$X,AuxData!$Y:$Y)="","Not defined",LOOKUP(J21&"_"&K21,AuxData!$X:$X,AuxData!$Y:$Y)))
B22: Entity | C22: Municipio | D22: D_ENTITY_R5G_MUNICIPIO | F22: CN | G22: CN | J22: ENR_RADIO_5G_GNODEB | K22: eNODEB_CN | L22: =IF(ISERROR(MATCH(J22&"_"&K22,AuxData!$X:$X,0)),"",IF(LOOKUP(J22&"_"&K22,AuxData!$X:$X,AuxData!$Y:$Y)="","Not defined",LOOKUP(J22&"_"&K22,AuxData!$X:$X,AuxData!$Y:$Y)))
B23: Entity | C23: Municipio | D23: D_ENTITY_R5G_MUNICIPIO | F23: UF | G23: UF | J23: ENR_RADIO_5G_CELLS | K23: eNODEB_UF | L23: =IF(ISERROR(MATCH(J23&"_"&K23,AuxData!$X:$X,0)),"",IF(LOOKUP(J23&"_"&K23,AuxData!$X:$X,AuxData!$Y:$Y)="","Not defined",LOOKUP(J23&"_"&K23,AuxData!$X:$X,AuxData!$Y:$Y)))
B24: Entity | C24: Municipio | D24: D_ENTITY_R5G_MUNICIPIO | F24: UF | G24: UF | J24: ENR_RADIO_5G_GNODEB | K24: eNODEB_UF | L24: =IF(ISERROR(MATCH(J24&"_"&K24,AuxData!$X:$X,0)),"",IF(LOOKUP(J24&"_"&K24,AuxData!$X:$X,AuxData!$Y:$Y)="","Not defined",LOOKUP(J24&"_"&K24,AuxData!$X:$X,AuxData!$Y:$Y)))
B25: Entity | C25: Municipio | D25: D_ENTITY_R5G_MUNICIPIO | F25: Region | G25: REGION | J25: ENR_RADIO_5G_CELLS | K25: eNODEB_REGION | L25: =IF(ISERROR(MATCH(J25&"_"&K25,AuxData!$X:$X,0)),"",IF(LOOKUP(J25&"_"&K25,AuxData!$X:$X,AuxData!$Y:$Y)="","Not defined",LOOKUP(J25&"_"&K25,AuxData!$X:$X,AuxData!$Y:$Y)))
B26: Entity | C26: Municipio | D26: D_ENTITY_R5G_MUNICIPIO | F26: Region | G26: REGION | J26: ENR_RADIO_5G_GNODEB | K26: eNODEB_REGION | L26: =IF(ISERROR(MATCH(J26&"_"&K26,AuxData!$X:$X,0)),"",IF(LOOKUP(J26&"_"&K26,AuxData!$X:$X,AuxData!$Y:$Y)="","Not defined",LOOKUP(J26&"_"&K26,AuxData!$X:$X,AuxData!$Y:$Y)))
B27: Entity | C27: Municipio | D27: D_ENTITY_R5G_MUNICIPIO | F27: Operator | G27: OPERATOR | J27: ENR_RADIO_5G_CELLS | K27: SITE_OPERATOR | L27: =IF(ISERROR(MATCH(J27&"_"&K27,AuxData!$X:$X,0)),"",IF(LOOKUP(J27&"_"&K27,AuxData!$X:$X,AuxData!$Y:$Y)="","Not defined",LOOKUP(J27&"_"&K27,AuxData!$X:$X,AuxData!$Y:$Y))) -> SITE_OPERATOR
B28: Entity | C28: Municipio | D28: D_ENTITY_R5G_MUNICIPIO | F28: Operator | G28: OPERATOR | J28: ENR_RADIO_5G_GNODEB | K28: SITE_OPERATOR | L28: =IF(ISERROR(MATCH(J28&"_"&K28,AuxData!$X:$X,0)),"",IF(LOOKUP(J28&"_"&K28,AuxData!$X:$X,AuxData!$Y:$Y)="","Not defined",LOOKUP(J28&"_"&K28,AuxData!$X:$X,AuxData!$Y:$Y))) -> SITE_OPERATOR
B29: Entity | C29: Municipio | D29: D_ENTITY_R5G_MUNICIPIO | F29: Vendor | G29: VENDOR | J29: ENR_RADIO_5G_CELLS | K29: SITE_VENDOR | L29: =IF(ISERROR(MATCH(J29&"_"&K29,AuxData!$X:$X,0)),"",IF(LOOKUP(J29&"_"&K29,AuxData!$X:$X,AuxData!$Y:$Y)="","Not defined",LOOKUP(J29&"_"&K29,AuxData!$X:$X,AuxData!$Y:$Y))) -> SITE_VENDOR
B30: Entity | C30: Municipio | D30: D_ENTITY_R5G_MUNICIPIO | F30: Vendor | G30: VENDOR | J30: ENR_RADIO_5G_GNODEB | K30: SITE_VENDOR | L30: =IF(ISERROR(MATCH(J30&"_"&K30,AuxData!$X:$X,0)),"",IF(LOOKUP(J30&"_"&K30,AuxData!$X:$X,AuxData!$Y:$Y)="","Not defined",LOOKUP(J30&"_"&K30,AuxData!$X:$X,AuxData!$Y:$Y))) -> SITE_VENDOR
B31: Entity | C31: Municipio | D31: D_ENTITY_R5G_MUNICIPIO | F31: Municipio | G31: MUNICIPIO | J31: ENR_RADIO_5G_CELLS | K31: eNODEB_MUNICIPALY | L31: =IF(ISERROR(MATCH(J31&"_"&K31,AuxData!$X:$X,0)),"",IF(LOOKUP(J31&"_"&K31,AuxData!$X:$X,AuxData!$Y:$Y)="","Not defined",LOOKUP(J31&"_"&K31,AuxData!$X:$X,AuxData!$Y:$Y)))
B32: Entity | C32: Municipio | D32: D_ENTITY_R5G_MUNICIPIO | F32: Municipio | G32: MUNICIPIO | J32: ENR_RADIO_5G_GNODEB | K32: eNODEB_MUNICIPALY | L32: =IF(ISERROR(MATCH(J32&"_"&K32,AuxData!$X:$X,0)),"",IF(LOOKUP(J32&"_"&K32,AuxData!$X:$X,AuxData!$Y:$Y)="","Not defined",LOOKUP(J32&"_"&K32,AuxData!$X:$X,AuxData!$Y:$Y)))
... B62: Dimension | C62: DA_R5G_HUA_SITE_OPER | D62: DA_R5G_HUA_SITE_OPER | F62: Site_Operator | G62: SITE_OPERATOR | J62: ENR_RADIO_5G_GNODEB | K62: SITE_OPERATOR | L62: =IF(ISERROR(MATCH(J62&"_"&K62,AuxData!$X:$X,0)),"",IF(LOOKUP(J62&"_"&K62,AuxData!$X:$X,AuxData!$Y:$Y)="","Not defined",LOOKUP(J62&"_"&K62,AuxData!$X:$X,AuxData!$Y:$Y))) -> SITE_OPERATOR
B63: Dimension | C63: DA_R5G_Cell_COVERAGE | D63: DA_R5G_Cell_COVERAGE | F63: Azimuth | G63: AZIMUTH | J63: ENR_RADIO_5G_CELLS | K63: AZIMUTH | L63: AZIMUTH
B64: Dimension | C64: DA_R5G_Cell_COVERAGE | D64: DA_R5G_Cell_COVERAGE | F64: Beamwidth | G64: BEAMWIDTH | J64: ENR_RADIO_5G_CELLS | K64: BEAMWIDTH | L64: BEAMWIDTH
B65: Dimension | C65: DA_R5G_Cell_Radio | D65: DA_R5G_Cell_Radio | F65: Cell_Band | G65: =UPPER(F65) -> CELL_BAND | J65: ENR_RADIO_5G_CELLS | K65: CELL_BAND | L65: =IF(ISERROR(MATCH(J65&"_"&K65,AuxData!$X:$X,0)),"",IF(LOOKUP(J65&"_"&K65,AuxData!$X:$X,AuxData!$Y:$Y)="","Not defined",LOOKUP(J65&"_"&K65,AuxData!$X:$X,AuxData!$Y:$Y))) -> CELL_BAND
B66: Dimension | C66: DA_R5G_Cell_Radio | D66: DA_R5G_Cell_Radio | F66: Cell_NARFCN | G66: =UPPER(F66) -> CELL_NARFCN | J66: ENR_RADIO_5G_CELLS | K66: CELL_NRARFCN | L66: =IF(ISERROR(MATCH(J66&"_"&K66,AuxData!$X:$X,0)),"",IF(LOOKUP(J66&"_"&K66,AuxData!$X:$X,AuxData!$Y:$Y)="","Not defined",LOOKUP(J66&"_"&K66,AuxData!$X:$X,AuxData!$Y:$Y))) -> CELL_NRARFCN
B67: Entity | C67: gNodeB | D67: D_ENTITY_R5G_GNODEB | F67: CN | G67: =UPPER(F67) -> CN | J67: ENR_RADIO_5G_CELLS | K67: GNODEB_CN | L67: =IF(ISERROR(MATCH(J67&"_"&K67,AuxData!$X:$X,0)),"",IF(LOOKUP(J67&"_"&K67,AuxData!$X:$X,AuxData!$Y:$Y)="","Not defined",LOOKUP(J67&"_"&K67,AuxData!$X:$X,AuxData!$Y:$Y))) -> GNODEB_CN
B68: Entity | C68: gNodeB | D68: D_ENTITY_R5G_GNODEB | F68: CN | G68: =UPPER(F68) -> CN | J68: ENR_RADIO_5G_GNODEB | K68: GNODEB_CN | L68: =IF(ISERROR(MATCH(J68&"_"&K68,AuxData!$X:$X,0)),"",IF(LOOKUP(J68&"_"&K68,AuxData!$X:$X,AuxData!$Y:$Y)="","Not defined",LOOKUP(J68&"_"&K68,AuxData!$X:$X,AuxData!$Y:$Y))) -> GNODEB_CN
B69: Entity | C69: gNodeB | D69: D_ENTITY_R5G_GNODEB | F69: UF | G69: =UPPER(F69) -> UF | J69: ENR_RADIO_5G_CELLS | K69: GNODEB_UF | L69: =IF(ISERROR(MATCH(J69&"_"&K69,AuxData!$X:$X,0)),"",IF(LOOKUP(J69&"_"&K69,AuxData!$X:$X,AuxData!$Y:$Y)="","Not defined",LOOKUP(J69&"_"&K69,AuxData!$X:$X,AuxData!$Y:$Y))) -> GNODEB_UF
B70: Entity | C70: gNodeB | D70: D_ENTITY_R5G_GNODEB | F70: UF | G70: =UPPER(F70) -> UF | J70: ENR_RADIO_5G_GNODEB | K70: GNODEB_UF | L70: =IF(ISERROR(MATCH(J70&"_"&K70,AuxData!$X:$X,0)),"",IF(LOOKUP(J70&"_"&K70,AuxData!$X:$X,AuxData!$Y:$Y)="","Not defined",LOOKUP(J70&"_"&K70,AuxData!$X:$X,AuxData!$Y:$Y))) -> GNODEB_UF
B71: Entity | C71: gNodeB | D71: D_ENTITY_R5G_GNODEB | F71: Region | G71: =UPPER(F71) -> REGION | J71: ENR_RADIO_5G_CELLS | K71: GNODEB_REGION | L71: =IF(ISERROR(MATCH(J71&"_"&K71,AuxData!$X:$X,0)),"",IF(LOOKUP(J71&"_"&K71,AuxData!$X:$X,AuxData!$Y:$Y)="","Not defined",LOOKUP(J71&"_"&K71,AuxData!$X:$X,AuxData!$Y:$Y))) -> GNODEB_REGION
B72: Entity | C72: gNodeB | D72: D_ENTITY_R5G_GNODEB | F72: Region | G72: =UPPER(F72) -> REGION | J72: ENR_RADIO_5G_GNODEB | K72: GNODEB_REGION | L72: =IF(ISERROR(MATCH(J72&"_"&K72,AuxData!$X:$X,0)),"",IF(LOOKUP(J72&"_"&K72,AuxData!$X:$X,AuxData!$Y:$Y)="","Not defined",LOOKUP(J72&"_"&K72,AuxData!$X:$X,AuxData!$Y:$Y))) -> GNODEB_REGION
B73: Entity | C73: gNodeB | D73: D_ENTITY_R5G_GNODEB | F73: Municipio | G73: =UPPER(F73) -> MUNICIPIO | J73: ENR_RADIO_5G_CELLS | K73: GNODEB_MUNICIPALY | L73: =IF(ISERROR(MATCH(J73&"_"&K73,AuxData!$X:$X,0)),"",IF(LOOKUP(J73&"_"&K73,AuxData!$X:$X,AuxData!$Y:$Y)="","Not defined",LOOKUP(J73&"_"&K73,AuxData!$X:$X,AuxData!$Y:$Y))) -> GNODEB_MUNICIPALY
B74: Entity | C74: gNodeB | D74: D_ENTITY_R5G_GNODEB | F74: Municipio | G74: =UPPER(F74) -> MUNICIPIO | J74: ENR_RADIO_5G_GNODEB | K74: GNODEB_MUNICIPALY | L74: =IF(ISERROR(MATCH(J74&"_"&K74,AuxData!$X:$X,0)),"",IF(LOOKUP(J74&"_"&K74,AuxData!$X:$X,AuxData!$Y:$Y)="","Not defined",LOOKUP(J74&"_"&K74,AuxData!$X:$X,AuxData!$Y:$Y))) -> GNODEB_MUNICIPALY
B75: Entity | C75: gNodeB | D75: D_ENTITY_R5G_GNODEB | F75: Operator | G75: =UPPER(F75) -> OPERATOR | J75: ENR_RADIO_5G_CELLS | K75: SITE_OPERATOR | L75: =IF(ISERROR(MATCH(J75&"_"&K75,AuxData!$X:$X,0)),"",IF(LOOKUP(J75&"_"&K75,AuxData!$X:$X,AuxData!$Y:$Y)="","Not defined",LOOKUP(J75&"_"&K75,AuxData!$X:$X,AuxData!$Y:$Y))) -> SITE_OPERATOR
B76: Entity | C76: gNodeB | D76: D_ENTITY_R5G_GNODEB | F76: Operator | G76: =UPPER(F76) -> OPERATOR | J76: ENR_RADIO_5G_GNODEB | K76: SITE_OPERATOR | L76: =IF(ISERROR(MATCH(J76&"_"&K76,AuxData!$X:$X,0)),"",IF(LOOKUP(J76&"_"&K76,AuxData!$X:$X,AuxData!$Y:$Y)="","Not defined",LOOKUP(J76&"_"&K76,AuxData!$X:$X,AuxData!$Y:$Y))) -> SITE_OPERATOR
... B86: Entity | C86: gNodeB | D86: D_ENTITY_R5G_GNODEB | F86: gNodeBFunctionName | G86: =UPPER(F86) -> GNODEBFUNCTIONNAME | J86: ENR_RADIO_5G_CELLS | K86: MOBILE_SITE_NAME | L86: =IF(ISERROR(MATCH(J86&"_"&K86,AuxData!$X:$X,0)),"",IF(LOOKUP(J86&"_"&K86,AuxData!$X:$X,AuxData!$Y:$Y)="","Not defined",LOOKUP(J86&"_"&K86,AuxData!$X:$X,AuxData!$Y:$Y))) -> MOBILE_SITE_NAME
B87: Entity | C87: gNodeB | D87: D_ENTITY_R5G_GNODEB | F87: Site_Name | G87: SITE_NAME | J87: ENR_RADIO_5G_CELLS | K87: STATION_CODE | L87: =IF(ISERROR(MATCH(J87&"_"&K87,AuxData!$X:$X,0)),"",IF(LOOKUP(J87&"_"&K87,AuxData!$X:$X,AuxData!$Y:$Y)="","Not defined",LOOKUP(J87&"_"&K87,AuxData!$X:$X,AuxData!$Y:$Y))) -> STATION_CODE
B88: Entity | C88: gNodeB | D88: D_ENTITY_R5G_GNODEB | F88: Site_Name | G88: SITE_NAME | J88: ENR_RADIO_5G_GNODEB | K88: STATION_CODE | L88: =IF(ISERROR(MATCH(J88&"_"&K88,AuxData!$X:$X,0)),"",IF(LOOKUP(J88&"_"&K88,AuxData!$X:$X,AuxData!$Y:$Y)="","Not defined",LOOKUP(J88&"_"&K88,AuxData!$X:$X,AuxData!$Y:$Y))) -> STATION_CODE
B89: Entity | C89: gNodeB | D89: D_ENTITY_R5G_GNODEB | F89: Site_Fisico | G89: SITE_FISICO | J89: ENR_RADIO_5G_GNODEB | K89: ERB_FISICA | L89: =IF(ISERROR(MATCH(J89&"_"&K89,AuxData!$X:$X,0)),"",IF(LOOKUP(J89&"_"&K89,AuxData!$X:$X,AuxData!$Y:$Y)="","Not defined",LOOKUP(J89&"_"&K89,AuxData!$X:$X,AuxData!$Y:$Y))) -> ERB_FISICA
B90: Entity | C90: gNodeB | D90: D_ENTITY_R5G_GNODEB | F90: Site_Fisico | G90: SITE_FISICO | J90: ENR_RADIO_5G_CELLS | K90: ERB_FISICA | L90: =IF(ISERROR(MATCH(J90&"_"&K90,AuxData!$X:$X,0)),"",IF(LOOKUP(J90&"_"&K90,AuxData!$X:$X,AuxData!$Y:$Y)="","Not defined",LOOKUP(J90&"_"&K90,AuxData!$X:$X,AuxData!$Y:$Y))) -> ERB_FISICA
B91: Entity | C91: gNodeB | D91: D_ENTITY_R5G_GNODEB | F91: IDMaster | G91: ID_MASTER | J91: ENR_RADIO_5G_GNODEB | K91: ID_Master | L91: =IF(ISERROR(MATCH(J91&"_"&K91,AuxData!$X:$X,0)),"",IF(LOOKUP(J91&"_"&K91,AuxData!$X:$X,AuxData!$Y:$Y)="","Not defined",LOOKUP(J91&"_"&K91,AuxData!$X:$X,AuxData!$Y:$Y))) -> ID_MASTER
B92: Entity | C92: gNodeB | D92: D_ENTITY_R5G_GNODEB | F92: IDMaster | G92: ID_MASTER | J92: ENR_RADIO_5G_CELLS | K92: ID_Master | L92: =IF(ISERROR(MATCH(J92&"_"&K92,AuxData!$X:$X,0)),"",IF(LOOKUP(J92&"_"&K92,AuxData!$X:$X,AuxData!$Y:$Y)="","Not defined",LOOKUP(J92&"_"&K92,AuxData!$X:$X,AuxData!$Y:$Y))) -> ID_MASTER
B93: Entity | C93: gNodeB | D93: D_ENTITY_R5G_GNODEB | F93: gNodeBName | G93: =UPPER(F93) -> GNODEBNAME | J93: ENR_RADIO_5G_GNODEB | K93: NE_NAME | L93: =IF(ISERROR(MATCH(J93&"_"&K93,AuxData!$X:$X,0)),"",IF(LOOKUP(J93&"_"&K93,AuxData!$X:$X,AuxData!$Y:$Y)="","Not defined",LOOKUP(J93&"_"&K93,AuxData!$X:$X,AuxData!$Y:$Y))) -> NE_NAME
B94: Entity | C94: gNodeB | D94: D_ENTITY_R5G_GNODEB | F94: gNodeBName | G94: =UPPER(F94) -> GNODEBNAME | J94: ENR_RADIO_5G_CELLS | K94: NE_NAME | L94: =IF(ISERROR(MATCH(J94&"_"&K94,AuxData!$X:$X,0)),"",IF(LOOKUP(J94&"_"&K94,AuxData!$X:$X,AuxData!$Y:$Y)="","Not defined",LOOKUP(J94&"_"&K94,AuxData!$X:$X,AuxData!$Y:$Y))) -> NE_NAME
B95: Entity | C95: Cell | D95: D_ENTITY_R5G_CELL | F95: CN | G95: =UPPER(F95) -> CN | J95: ENR_RADIO_5G_CELLS | K95: GNODEB_CN | L95: =IF(ISERROR(MATCH(J95&"_"&K95,AuxData!$X:$X,0)),"",IF(LOOKUP(J95&"_"&K95,AuxData!$X:$X,AuxData!$Y:$Y)="","Not defined",LOOKUP(J95&"_"&K95,AuxData!$X:$X,AuxData!$Y:$Y))) -> GNODEB_CN
B96: Entity | C96: Cell | D96: D_ENTITY_R5G_CELL | F96: UF | G96: =UPPER(F96) -> UF | J96: ENR_RADIO_5G_CELLS | K96: GNODEB_UF | L96: =IF(ISERROR(MATCH(J96&"_"&K96,AuxData!$X:$X,0)),"",IF(LOOKUP(J96&"_"&K96,AuxData!$X:$X,AuxData!$Y:$Y)="","Not defined",LOOKUP(J96&"_"&K96,AuxData!$X:$X,AuxData!$Y:$Y))) -> GNODEB_UF
B97: Entity | C97: Cell | D97: D_ENTITY_R5G_CELL | F97: Region | G97: =UPPER(F97) -> REGION | J97: ENR_RADIO_5G_CELLS | K97: GNODEB_REGION | L97: =IF(ISERROR(MATCH(J97&"_"&K97,AuxData!$X:$X,0)),"",IF(LOOKUP(J97&"_"&K97,AuxData!$X:$X,AuxData!$Y:$Y)="","Not defined",LOOKUP(J97&"_"&K97,AuxData!$X:$X,AuxData!$Y:$Y))) -> GNODEB_REGION
B98: Entity | C98: Cell | D98: D_ENTITY_R5G_CELL | F98: Municipio | G98: =UPPER(F98) -> MUNICIPIO | J98: ENR_RADIO_5G_CELLS | K98: GNODEB_MUNICIPALY | L98: =IF(ISERROR(MATCH(J98&"_"&K98,AuxData!$X:$X,0)),"",IF(LOOKUP(J98&"_"&K98,AuxData!$X:$X,AuxData!$Y:$Y)="","Not defined",LOOKUP(J98&"_"&K98,AuxData!$X:$X,AuxData!$Y:$Y))) -> GNODEB_MUNICIPALY
B99: Entity | C99: Cell | D99: D_ENTITY_R5G_CELL | F99: Operator | G99: =UPPER(F99) -> OPERATOR | J99: ENR_RADIO_5G_CELLS | K99: SITE_OPERATOR | L99: =IF(ISERROR(MATCH(J99&"_"&K99,AuxData!$X:$X,0)),"",IF(LOOKUP(J99&"_"&K99,AuxData!$X:$X,AuxData!$Y:$Y)="","Not defined",LOOKUP(J99&"_"&K99,AuxData!$X:$X,AuxData!$Y:$Y))) -> SITE_OPERATOR
B100: Entity | C100: Cell | D100: D_ENTITY_R5G_CELL | F100: Vendor | G100: =UPPER(F100) -> VENDOR | J100: ENR_RADIO_5G_CELLS | K100: SITE_VENDOR | L100: =IF(ISERROR(MATCH(J100&"_"&K100,AuxData!$X:$X,0)),"",IF(LOOKUP(J100&"_"&K100,AuxData!$X:$X,AuxData!$Y:$Y)="","Not defined",LOOKUP(J100&"_"&K100,AuxData!$X:$X,AuxData!$Y:$Y))) -> SITE_VENDOR
B101: Entity | C101: Cell | D101: D_ENTITY_R5G_CELL | F101: Site_Name | G101: SITE_NAME | J101: ENR_RADIO_5G_CELLS | K101: STATION_CODE | L101: =IF(ISERROR(MATCH(J101&"_"&K101,AuxData!$X:$X,0)),"",IF(LOOKUP(J101&"_"&K101,AuxData!$X:$X,AuxData!$Y:$Y)="","Not defined",LOOKUP(J101&"_"&K101,AuxData!$X:$X,AuxData!$Y:$Y))) -> STATION_CODE
B102: Entity | C102: Cell | D102: D_ENTITY_R5G_CELL | F102: Site_Fisico | G102: SITE_FISICO | J102: ENR_RADIO_5G_CELLS | K102: ERB_FISICA | L102: =IF(ISERROR(MATCH(J102&"_"&K102,AuxData!$X:$X,0)),"",IF(LOOKUP(J102&"_"&K102,AuxData!$X:$X,AuxData!$Y:$Y)="","Not defined",LOOKUP(J102&"_"&K102,AuxData!$X:$X,AuxData!$Y:$Y))) -> ERB_FISICA
B103: Entity | C103: Cell | D103: D_ENTITY_R5G_CELL | F103: IDMaster | G103: ID_MASTER | J103: ENR_RADIO_5G_CELLS | K103: ID_Master | L103: =IF(ISERROR(MATCH(J103&"_"&K103,AuxData!$X:$X,0)),"",IF(LOOKUP(J103&"_"&K103,AuxData!$X:$X,AuxData!$Y:$Y)="","Not defined",LOOKUP(J103&"_"&K103,AuxData!$X:$X,AuxData!$Y:$Y))) -> ID_MASTER
B104: Entity | C104: Cell | D104: D_ENTITY_R5G_CELL | F104: SiglaLogica | G104: SIGLALOGICA | J104: ENR_RADIO_5G_CELLS | K104: SIGLA_LOGICA | L104: =IF(ISERROR(MATCH(J104&"_"&K104,AuxData!$X:$X,0)),"",IF(LOOKUP(J104&"_"&K104,AuxData!$X:$X,AuxData!$Y:$Y)="","Not defined",LOOKUP(J104&"_"&K104,AuxData!$X:$X,AuxData!$Y:$Y))) -> SIGLA_LOGICA
B105: Entity | C105: Cell | D105: D_ENTITY_R5G_CELL | F105: Setor_Fisico | G105: SETOR_FISICO | J105: ENR_RADIO_5G_CELLS | K105: SETOR_FISICO | L105: =IF(ISERROR(MATCH(J105&"_"&K105,AuxData!$X:$X,0)),"",IF(LOOKUP(J105&"_"&K105,AuxData!$X:$X,AuxData!$Y:$Y)="","Not defined",LOOKUP(J105&"_"&K105,AuxData!$X:$X,AuxData!$Y:$Y))) -> SETOR_FISICO
B106: Entity | C106: Cell | D106: D_ENTITY_R5G_CELL | F106: dST | G106: =UPPER(F106) -> DST | J106: T1911816242 | K106: DST | L106: =IF(ISERROR(MATCH(J106&"_"&K106,AuxData!$X:$X,0)),"",IF(LOOKUP(J106&"_"&K106,AuxData!$X:$X,AuxData!$Y:$Y)="","Not defined",LOOKUP(J106&"_"&K106,AuxData!$X:$X,AuxData!$Y:$Y))) -> DST
B107: Entity | C107: Cell | D107: D_ENTITY_R5G_CELL | F107: dST | G107: =UPPER(F107) -> DST | J107: T1911816243 | K107: DST | L107: =IF(ISERROR(MATCH(J107&"_"&K107,AuxData!$X:$X,0)),"",IF(LOOKUP(J107&"_"&K107,AuxData!$X:$X,AuxData!$Y:$Y)="","Not defined",LOOKUP(J107&"_"&K107,AuxData!$X:$X,AuxData!$Y:$Y))) -> DST
B108: Entity | C108: Cell | D108: D_ENTITY_R5G_CELL | F108: dST | G108: =UPPER(F108) -> DST | J108: T1911816244 | K108: DST | L108: =IF(ISERROR(MATCH(J108&"_"&K108,AuxData!$X:$X,0)),"",IF(LOOKUP(J108&"_"&K108,AuxData!$X:$X,AuxData!$Y:$Y)="","Not defined",LOOKUP(J108&"_"&K108,AuxData!$X:$X,AuxData!$Y:$Y))) -> DST
B109: Entity | C109: Cell | D109: D_ENTITY_R5G_CELL | F109: dST | G109: =UPPER(F109) -> DST | J109: T1911816247 | K109: DST | L109: =IF(ISERROR(MATCH(J109&"_"&K109,AuxData!$X:$X,0)),"",IF(LOOKUP(J109&"_"&K109,AuxData!$X:$X,AuxData!$Y:$Y)="","Not defined",LOOKUP(J109&"_"&K109,AuxData!$X:$X,AuxData!$Y:$Y))) -> DST
B110: Entity | C110: Cell | D110: D_ENTITY_R5G_CELL | F110: dST | G110: =UPPER(F110) -> DST | J110: T1911816249 | K110: DST | L110: =IF(ISERROR(MATCH(J110&"_"&K110,AuxData!$X:$X,0)),"",IF(LOOKUP(J110&"_"&K110,AuxData!$X:$X,AuxData!$Y:$Y)="","Not defined",LOOKUP(J110&"_"&K110,AuxData!$X:$X,AuxData!$Y:$Y))) -> DST
B111: Entity | C111: Cell | D111: D_ENTITY_R5G_CELL | F111: dST | G111: =UPPER(F111) -> DST | J111: T1911816251 | K111: DST | L111: =IF(ISERROR(MATCH(J111&"_"&K111,AuxData!$X:$X,0)),"",IF(LOOKUP(J111&"_"&K111,AuxData!$X:$X,AuxData!$Y:$Y)="","Not defined",LOOKUP(J111&"_"&K111,AuxData!$X:$X,AuxData!$Y:$Y))) -> DST
B112: Entity | C112: Cell | D112: D_ENTITY_R5G_CELL | F112: dST | G112: =UPPER(F112) -> DST | J112: T1911816252 | K112: DST | L112: =IF(ISERROR(MATCH(J112&"_"&K112,AuxData!$X:$X,0)),"",IF(LOOKUP(J112&"_"&K112,AuxData!$X:$X,AuxData!$Y:$Y)="","Not defined",LOOKUP(J112&"_"&K112,AuxData!$X:$X,AuxData!$Y:$Y))) -> DST
B113: Entity | C113: Cell | D113: D_ENTITY_R5G_CELL | F113: dST | G113: =UPPER(F113) -> DST | J113: T1911816253 | K113: DST | L113: =IF(ISERROR(MATCH(J113&"_"&K113,AuxData!$X:$X,0)),"",IF(LOOKUP(J113&"_"&K113,AuxData!$X:$X,AuxData!$Y:$Y)="","Not defined",LOOKUP(J113&"_"&K113,AuxData!$X:$X,AuxData!$Y:$Y))) -> DST
B114: Entity | C114: Cell | D114: D_ENTITY_R5G_CELL | F114: dST | G114: =UPPER(F114) -> DST | J114: T1911816254 | K114: DST | L114: =IF(ISERROR(MATCH(J114&"_"&K114,AuxData!$X:$X,0)),"",IF(LOOKUP(J114&"_"&K114,AuxData!$X:$X,AuxData!$Y:$Y)="","Not defined",LOOKUP(J114&"_"&K114,AuxData!$X:$X,AuxData!$Y:$Y))) -> DST
B115: Entity | C115: Cell | D115: D_ENTITY_R5G_CELL | F115: dST | G115: =UPPER(F115) -> DST | J115: T1911816255 | K115: DST | L115: =IF(ISERROR(MATCH(J115&"_"&K115,AuxData!$X:$X,0)),"",IF(LOOKUP(J115&"_"&K115,AuxData!$X:$X,AuxData!$Y:$Y)="","Not defined",LOOKUP(J115&"_"&K115,AuxData!$X:$X,AuxData!$Y:$Y))) -> DST
B116: Entity | C116: Cell | D116: D_ENTITY_R5G_CELL | F116: dST | G116: =UPPER(F116) -> DST | J116: T1911816256 | K116: DST | L116: =IF(ISERROR(MATCH(J116&"_"&K116,AuxData!$X:$X,0)),"",IF(LOOKUP(J116&"_"&K116,AuxData!$X:$X,AuxData!$Y:$Y)="","Not defined",LOOKUP(J116&"_"&K116,AuxData!$X:$X,AuxData!$Y:$Y))) -> DST
B117: Entity | C117: Cell | D117: D_ENTITY_R5G_CELL | F117: dST | G117: =UPPER(F117) -> DST | J117: T1911816259 | K117: DST | L117: =IF(ISERROR(MATCH(J117&"_"&K117,AuxData!$X:$X,0)),"",IF(LOOKUP(J117&"_"&K117,AuxData!$X:$X,AuxData!$Y:$Y)="","Not defined",LOOKUP(J117&"_"&K117,AuxData!$X:$X,AuxData!$Y:$Y))) -> DST
... B258: Entity | C258: ADJL | D258: D_ENTITY_R5G_ADJL | F258: Vendor | G258: =UPPER(F258) -> VENDOR | J258: ENR_RADIO_5G_CELLS | K258: SITE_VENDOR | L258: =IF(ISERROR(MATCH(J258&"_"&K258,AuxData!$X:$X,0)),"",IF(LOOKUP(J258&"_"&K258,AuxData!$X:$X,AuxData!$Y:$Y)="","Not defined",LOOKUP(J258&"_"&K258,AuxData!$X:$X,AuxData!$Y:$Y))) -> SITE_VENDOR
B259: Entity | C259: ADJL | D259: D_ENTITY_R5G_ADJL | F259: Site_Name | G259: SITE_NAME | J259: ENR_RADIO_5G_CELLS | K259: STATION_CODE | L259: =IF(ISERROR(MATCH(J259&"_"&K259,AuxData!$X:$X,0)),"",IF(LOOKUP(J259&"_"&K259,AuxData!$X:$X,AuxData!$Y:$Y)="","Not defined",LOOKUP(J259&"_"&K259,AuxData!$X:$X,AuxData!$Y:$Y))) -> STATION_CODE
B260: Entity | C260: ADJL | D260: D_ENTITY_R5G_ADJL | F260: Site_Fisico | G260: SITE_FISICO | J260: ENR_RADIO_5G_CELLS | K260: ERB_FISICA | L260: =IF(ISERROR(MATCH(J260&"_"&K260,AuxData!$X:$X,0)),"",IF(LOOKUP(J260&"_"&K260,AuxData!$X:$X,AuxData!$Y:$Y)="","Not defined",LOOKUP(J260&"_"&K260,AuxData!$X:$X,AuxData!$Y:$Y))) -> ERB_FISICA
B261: Entity | C261: ADJL | D261: D_ENTITY_R5G_ADJL | F261: IDMaster | G261: ID_MASTER | J261: ENR_RADIO_5G_CELLS | K261: ID_Master | L261: =IF(ISERROR(MATCH(J261&"_"&K261,AuxData!$X:$X,0)),"",IF(LOOKUP(J261&"_"&K261,AuxData!$X:$X,AuxData!$Y:$Y)="","Not defined",LOOKUP(J261&"_"&K261,AuxData!$X:$X,AuxData!$Y:$Y))) -> ID_MASTER
B262: Entity | C262: ADJL | D262: D_ENTITY_R5G_ADJL | F262: SiglaLogica | G262: SIGLALOGICA | J262: ENR_RADIO_5G_CELLS | K262: SIGLA_LOGICA | L262: =IF(ISERROR(MATCH(J262&"_"&K262,AuxData!$X:$X,0)),"",IF(LOOKUP(J262&"_"&K262,AuxData!$X:$X,AuxData!$Y:$Y)="","Not defined",LOOKUP(J262&"_"&K262,AuxData!$X:$X,AuxData!$Y:$Y))) -> SIGLA_LOGICA
B263: Entity | C263: ADJL | D263: D_ENTITY_R5G_ADJL | F263: Setor_Fisico | G263: SETOR_FISICO | J263: ENR_RADIO_5G_CELLS | K263: SETOR_FISICO | L263: =IF(ISERROR(MATCH(J263&"_"&K263,AuxData!$X:$X,0)),"",IF(LOOKUP(J263&"_"&K263,AuxData!$X:$X,AuxData!$Y:$Y)="","Not defined",LOOKUP(J263&"_"&K263,AuxData!$X:$X,AuxData!$Y:$Y))) -> SETOR_FISICO
B264: Entity | C264: ADJL | D264: D_ENTITY_R5G_ADJL | F264: dST | G264: =UPPER(F264) -> DST | J264: T1911816298 | K264: DST | L264: =IF(ISERROR(MATCH(J264&"_"&K264,AuxData!$X:$X,0)),"",IF(LOOKUP(J264&"_"&K264,AuxData!$X:$X,AuxData!$Y:$Y)="","Not defined",LOOKUP(J264&"_"&K264,AuxData!$X:$X,AuxData!$Y:$Y))) -> DST
B265: Entity | C265: ADJL | D265: D_ENTITY_R5G_ADJL | F265: OperatorName | G265: =UPPER(F265) -> OPERATORNAME | J265: T1911816298 | K265: PLMN | L265: =IF(ISERROR(MATCH(J265&"_"&K265,AuxData!$X:$X,0)),"",IF(LOOKUP(J265&"_"&K265,AuxData!$X:$X,AuxData!$Y:$Y)="","Not defined",LOOKUP(J265&"_"&K265,AuxData!$X:$X,AuxData!$Y:$Y))) -> PLMN
B266: Entity | C266: ADJL | D266: D_ENTITY_R5G_ADJL | F266: gNodeBFunctionName | G266: =UPPER(F266) -> GNODEBFUNCTIONNAME | J266: ENR_RADIO_5G_CELLS | K266: MOBILE_SITE_NAME | L266: =IF(ISERROR(MATCH(J266&"_"&K266,AuxData!$X:$X,0)),"",IF(LOOKUP(J266&"_"&K266,AuxData!$X:$X,AuxData!$Y:$Y)="","Not defined",LOOKUP(J266&"_"&K266,AuxData!$X:$X,AuxData!$Y:$Y))) -> MOBILE_SITE_NAME
B267: Entity | C267: ADJL | D267: D_ENTITY_R5G_ADJL | F267: gNodeBName | G267: =UPPER(F267) -> GNODEBNAME | J267: ENR_RADIO_5G_CELLS | K267: NE_NAME | L267: =IF(ISERROR(MATCH(J267&"_"&K267,AuxData!$X:$X,0)),"",IF(LOOKUP(J267&"_"&K267,AuxData!$X:$X,AuxData!$Y:$Y)="","Not defined",LOOKUP(J267&"_"&K267,AuxData!$X:$X,AuxData!$Y:$Y))) -> NE_NAME
B268: Entity | C268: ADJL | D268: D_ENTITY_R5G_ADJL | F268: CellName | G268: =UPPER(F268) -> CELLNAME | J268: ENR_RADIO_5G_CELLS | K268: CELL_NAME | L268: =IF(ISERROR(MATCH(J268&"_"&K268,AuxData!$X:$X,0)),"",IF(LOOKUP(J268&"_"&K268,AuxData!$X:$X,AuxData!$Y:$Y)="","Not defined",LOOKUP(J268&"_"&K268,AuxData!$X:$X,AuxData!$Y:$Y))) -> CELL_NAME
B269: Entity | C269: ADJL | D269: D_ENTITY_R5G_ADJL | F269: ADJLCellName | G269: =UPPER(F269) -> ADJLCELLNAME | J269: V_ENR_RADIO_4G_CELLS | K269: CELL_NAME_D | L269: =IF(ISERROR(MATCH(J269&"_"&K269,AuxData!$X:$X,0)),"",IF(LOOKUP(J269&"_"&K269,AuxData!$X:$X,AuxData!$Y:$Y)="","Not defined",LOOKUP(J269&"_"&K269,AuxData!$X:$X,AuxData!$Y:$Y))) -> CELL_NAME_D
B270: Entity | C270: ADJN | D270: D_ENTITY_R5G_ADJN | F270: CN | G270: =UPPER(F270) -> CN | J270: ENR_RADIO_5G_CELLS | K270: GNODEB_CN | L270: =IF(ISERROR(MATCH(J270&"_"&K270,AuxData!$X:$X,0)),"",IF(LOOKUP(J270&"_"&K270,AuxData!$X:$X,AuxData!$Y:$Y)="","Not defined",LOOKUP(J270&"_"&K270,AuxData!$X:$X,AuxData!$Y:$Y))) -> GNODEB_CN
B271: Entity | C271: ADJN | D271: D_ENTITY_R5G_ADJN | F271: UF | G271: =UPPER(F271) -> UF | J271: ENR_RADIO_5G_CELLS | K271: GNODEB_UF | L271: =IF(ISERROR(MATCH(J271&"_"&K271,AuxData!$X:$X,0)),"",IF(LOOKUP(J271&"_"&K271,AuxData!$X:$X,AuxData!$Y:$Y)="","Not defined",LOOKUP(J271&"_"&K271,AuxData!$X:$X,AuxData!$Y:$Y))) -> GNODEB_UF
B272: Entity | C272: ADJN | D272: D_ENTITY_R5G_ADJN | F272: Region | G272: =UPPER(F272) -> REGION | J272: ENR_RADIO_5G_CELLS | K272: GNODEB_REGION | L272: =IF(ISERROR(MATCH(J272&"_"&K272,AuxData!$X:$X,0)),"",IF(LOOKUP(J272&"_"&K272,AuxData!$X:$X,AuxData!$Y:$Y)="","Not defined",LOOKUP(J272&"_"&K272,AuxData!$X:$X,AuxData!$Y:$Y))) -> GNODEB_REGION
B273: Entity | C273: ADJN | D273: D_ENTITY_R5G_ADJN | F273: Municipio | G273: =UPPER(F273) -> MUNICIPIO | J273: ENR_RADIO_5G_CELLS | K273: GNODEB_MUNICIPALY | L273: =IF(ISERROR(MATCH(J273&"_"&K273,AuxData!$X:$X,0)),"",IF(LOOKUP(J273&"_"&K273,AuxData!$X:$X,AuxData!$Y:$Y)="","Not defined",LOOKUP(J273&"_"&K273,AuxData!$X:$X,AuxData!$Y:$Y))) -> GNODEB_MUNICIPALY
B274: Entity | C274: ADJN | D274: D_ENTITY_R5G_ADJN | F274: Operator | G274: =UPPER(F274) -> OPERATOR | J274: ENR_RADIO_5G_CELLS | K274: SITE_OPERATOR | L274: =IF(ISERROR(MATCH(J274&"_"&K274,AuxData!$X:$X,0)),"",IF(LOOKUP(J274&"_"&K274,AuxData!$X:$X,AuxData!$Y:$Y)="","Not defined",LOOKUP(J274&"_"&K274,AuxData!$X:$X,AuxData!$Y:$Y))) -> SITE_OPERATOR
B275: Entity | C275: ADJN | D275: D_ENTITY_R5G_ADJN | F275: Vendor | G275: =UPPER(F275) -> VENDOR | J275: ENR_RADIO_5G_CELLS | K275: SITE_VENDOR | L275: =IF(ISERROR(MATCH(J275&"_"&K275,AuxData!$X:$X,0)),"",IF(LOOKUP(J275&"_"&K275,AuxData!$X:$X,AuxData!$Y:$Y)="","Not defined",LOOKUP(J275&"_"&K275,AuxData!$X:$X,AuxData!$Y:$Y))) -> SITE_VENDOR
B276: Entity | C276: ADJN | D276: D_ENTITY_R5G_ADJN | F276: Site_Name | G276: SITE_NAME | J276: ENR_RADIO_5G_CELLS | K276: STATION_CODE | L276: =IF(ISERROR(MATCH(J276&"_"&K276,AuxData!$X:$X,0)),"",IF(LOOKUP(J276&"_"&K276,AuxData!$X:$X,AuxData!$Y:$Y)="","Not defined",LOOKUP(J276&"_"&K276,AuxData!$X:$X,AuxData!$Y:$Y))) -> STATION_CODE
B277: Entity | C277: ADJN | D277: D_ENTITY_R5G_ADJN | F277: Site_Fisico | G277: SITE_FISICO | J277: ENR_RADIO_5G_CELLS | K277: ERB_FISICA | L277: =IF(ISERROR(MATCH(J277&"_"&K277,AuxData!$X:$X,0)),"",IF(LOOKUP(J277&"_"&K277,AuxData!$X:$X,AuxData!$Y:$Y)="","Not defined",LOOKUP(J277&"_"&K277,AuxData!$X:$X,AuxData!$Y:$Y))) -> ERB_FISICA
B278: Entity | C278: ADJN | D278: D_ENTITY_R5G_ADJN | F278: IDMaster | G278: ID_MASTER | J278: ENR_RADIO_5G_CELLS | K278: ID_Master | L278: =IF(ISERROR(MATCH(J278&"_"&K278,AuxData!$X:$X,0)),"",IF(LOOKUP(J278&"_"&K278,AuxData!$X:$X,AuxData!$Y:$Y)="","Not defined",LOOKUP(J278&"_"&K278,AuxData!$X:$X,AuxData!$Y:$Y))) -> ID_MASTER
B279: Entity | C279: ADJN | D279: D_ENTITY_R5G_ADJN | F279: SiglaLogica | G279: SIGLALOGICA | J279: ENR_RADIO_5G_CELLS | K279: SIGLA_LOGICA | L279: =IF(ISERROR(MATCH(J279&"_"&K279,AuxData!$X:$X,0)),"",IF(LOOKUP(J279&"_"&K279,AuxData!$X:$X,AuxData!$Y:$Y)="","Not defined",LOOKUP(J279&"_"&K279,AuxData!$X:$X,AuxData!$Y:$Y))) -> SIGLA_LOGICA
B280: Entity | C280: ADJN | D280: D_ENTITY_R5G_ADJN | F280: Setor_Fisico | G280: SETOR_FISICO | J280: ENR_RADIO_5G_CELLS | K280: SETOR_FISICO | L280: =IF(ISERROR(MATCH(J280&"_"&K280,AuxData!$X:$X,0)),"",IF(LOOKUP(J280&"_"&K280,AuxData!$X:$X,AuxData!$Y:$Y)="","Not defined",LOOKUP(J280&"_"&K280,AuxData!$X:$X,AuxData!$Y:$Y))) -> SETOR_FISICO
...

Sheet 5. Metrics
B2: 5. Metrics
B4: Class Name | C4: Class Physical Name | D4: Other Classes | E4: Metric Name | F4: Metric Physical Name | G4: Description | H4: Logical Formula 1 | I4: Logical Formula 2 | J4: Logical Formula 3 | K4: Physical Formula | L4: Data Sources | M4: Type | N4: Family | O4: Period | P4: Unit | Q4: Temporal Aggregation | R4: Spatio Aggregation | S4: Function Temporal Consolidation | T4: Temporal Consolidation | U4: Busy Hour Consolidation | V4: Busy Hour Criteria
C5: =IF(ISERROR(MATCH(B5,AuxData!$AF:$AF,0)),"",IF(LOOKUP(B5,AuxData!$AF:$AF,AuxData!$AG:$AG)="","Not defined",LOOKUP(B5,AuxData!$AF:$AF,AuxData!$AG:$AG))) | F5: =IF(M5="Function","F_"&SUBSTITUTE(SUBSTITUTE(SUBSTITUTE(SUBSTITUTE(E5,"(",""),")","")," and ","And")," ",""),SUBSTITUTE(SUBSTITUTE(SUBSTITUTE(SUBSTITUTE(E5,"(",""),")","")," and ","And")," ",""))
C6: =IF(ISERROR(MATCH(B6,AuxData!$AF:$AF,0)),"",IF(LOOKUP(B6,AuxData!$AF:$AF,AuxData!$AG:$AG)="","Not defined",LOOKUP(B6,AuxData!$AF:$AF,AuxData!$AG:$AG))) | F6: =IF(M6="Function","F_"&SUBSTITUTE(SUBSTITUTE(SUBSTITUTE(SUBSTITUTE(E6,"(",""),")","")," and ","And")," ",""),SUBSTITUTE(SUBSTITUTE(SUBSTITUTE(SUBSTITUTE(E6,"(",""),")","")," and ","And")," ",""))
C7: =IF(ISERROR(MATCH(B7,AuxData!$AF:$AF,0)),"",IF(LOOKUP(B7,AuxData!$AF:$AF,AuxData!$AG:$AG)="","Not defined",LOOKUP(B7,AuxData!$AF:$AF,AuxData!$AG:$AG))) | F7: =IF(M7="Function","F_"&SUBSTITUTE(SUBSTITUTE(SUBSTITUTE(SUBSTITUTE(E7,"(",""),")","")," and ","And")," ",""),SUBSTITUTE(SUBSTITUTE(SUBSTITUTE(SUBSTITUTE(E7,"(",""),")","")," and ","And")," ",""))
C8: =IF(ISERROR(MATCH(B8,AuxData!$AF:$AF,0)),"",IF(LOOKUP(B8,AuxData!$AF:$AF,AuxData!$AG:$AG)="","Not defined",LOOKUP(B8,AuxData!$AF:$AF,AuxData!$AG:$AG))) | F8: =IF(M8="Function","F_"&SUBSTITUTE(SUBSTITUTE(SUBSTITUTE(SUBSTITUTE(E8,"(",""),")","")," and ","And")," ",""),SUBSTITUTE(SUBSTITUTE(SUBSTITUTE(SUBSTITUTE(E8,"(",""),")","")," and ","And")," ",""))
C9: =IF(ISERROR(MATCH(B9,AuxData!$AF:$AF,0)),"",IF(LOOKUP(B9,AuxData!$AF:$AF,AuxData!$AG:$AG)="","Not defined",LOOKUP(B9,AuxData!$AF:$AF,AuxData!$AG:$AG))) | F9: =IF(M9="Function","F_"&SUBSTITUTE(SUBSTITUTE(SUBSTITUTE(SUBSTITUTE(E9,"(",""),")","")," and ","And")," ",""),SUBSTITUTE(SUBSTITUTE(SUBSTITUTE(SUBSTITUTE(E9,"(",""),")","")," and ","And")," ",""))
C10: =IF(ISERROR(MATCH(B10,AuxData!$AF:$AF,0)),"",IF(LOOKUP(B10,AuxData!$AF:$AF,AuxData!$AG:$AG)="","Not defined",LOOKUP(B10,AuxData!$AF:$AF,AuxData!$AG:$AG))) | F10: =IF(M10="Function","F_"&SUBSTITUTE(SUBSTITUTE(SUBSTITUTE(SUBSTITUTE(E10,"(",""),")","")," and ","And")," ",""),SUBSTITUTE(SUBSTITUTE(SUBSTITUTE(SUBSTITUTE(E10,"(",""),")","")," and ","And")," ",""))
C11: =IF(ISERROR(MATCH(B11,AuxData!$AF:$AF,0)),"",IF(LOOKUP(B11,AuxData!$AF:$AF,AuxData!$AG:$AG)="","Not defined",LOOKUP(B11,AuxData!$AF:$AF,AuxData!$AG:$AG))) | F11: =IF(M11="Function","F_"&SUBSTITUTE(SUBSTITUTE(SUBSTITUTE(SUBSTITUTE(E11,"(",""),")","")," and ","And")," ",""),SUBSTITUTE(SUBSTITUTE(SUBSTITUTE(SUBSTITUTE(E11,"(",""),")","")," and ","And")," ",""))
C12: =IF(ISERROR(MATCH(B12,AuxData!$AF:$AF,0)),"",IF(LOOKUP(B12,AuxData!$AF:$AF,AuxData!$AG:$AG)="","Not defined",LOOKUP(B12,AuxData!$AF:$AF,AuxData!$AG:$AG))) | F12: =IF(M12="Function","F_"&SUBSTITUTE(SUBSTITUTE(SUBSTITUTE(SUBSTITUTE(E12,"(",""),")","")," and ","And")," ",""),SUBSTITUTE(SUBSTITUTE(SUBSTITUTE(SUBSTITUTE(E12,"(",""),")","")," and ","And")," ",""))
C13: =IF(ISERROR(MATCH(B13,AuxData!$AF:$AF,0)),"",IF(LOOKUP(B13,AuxData!$AF:$AF,AuxData!$AG:$AG)="","Not defined",LOOKUP(B13,AuxData!$AF:$AF,AuxData!$AG:$AG))) | F13: =IF(M13="Function","F_"&SUBSTITUTE(SUBSTITUTE(SUBSTITUTE(SUBSTITUTE(E13,"(",""),")","")," and ","And")," ",""),SUBSTITUTE(SUBSTITUTE(SUBSTITUTE(SUBSTITUTE(E13,"(",""),")","")," and ","And")," ",""))
C14: =IF(ISERROR(MATCH(B14,AuxData!$AF:$AF,0)),"",IF(LOOKUP(B14,AuxData!$AF:$AF,AuxData!$AG:$AG)="","Not defined",LOOKUP(B14,AuxData!$AF:$AF,AuxData!$AG:$AG))) | F14: =IF(M14="Function","F_"&SUBSTITUTE(SUBSTITUTE(SUBSTITUTE(SUBSTITUTE(E14,"(",""),")","")," and ","And")," ",""),SUBSTITUTE(SUBSTITUTE(SUBSTITUTE(SUBSTITUTE(E14,"(",""),")","")," and ","And")," ",""))
C15: =IF(ISERROR(MATCH(B15,AuxData!$AF:$AF,0)),"",IF(LOOKUP(B15,AuxData!$AF:$AF,AuxData!$AG:$AG)="","Not defined",LOOKUP(B15,AuxData!$AF:$AF,AuxData!$AG:$AG))) | F15: =IF(M15="Function","F_"&SUBSTITUTE(SUBSTITUTE(SUBSTITUTE(SUBSTITUTE(E15,"(",""),")","")," and ","And")," ",""),SUBSTITUTE(SUBSTITUTE(SUBSTITUTE(SUBSTITUTE(E15,"(",""),")","")," and ","And")," ",""))
C16: =IF(ISERROR(MATCH(B16,AuxData!$AF:$AF,0)),"",IF(LOOKUP(B16,AuxData!$AF:$AF,AuxData!$AG:$AG)="","Not defined",LOOKUP(B16,AuxData!$AF:$AF,AuxData!$AG:$AG))) | F16: =IF(M16="Function","F_"&SUBSTITUTE(SUBSTITUTE(SUBSTITUTE(SUBSTITUTE(E16,"(",""),")","")," and ","And")," ",""),SUBSTITUTE(SUBSTITUTE(SUBSTITUTE(SUBSTITUTE(E16,"(",""),")","")," and ","And")," ",""))
... C204: =IF(ISERROR(MATCH(B204,AuxData!$AF:$AF,0)),"",IF(LOOKUP(B204,AuxData!$AF:$AF,AuxData!$AG:$AG)="","Not defined",LOOKUP(B204,AuxData!$AF:$AF,AuxData!$AG:$AG))) | F204: =IF(M204="Function","F_"&SUBSTITUTE(SUBSTITUTE(SUBSTITUTE(SUBSTITUTE(E204,"(",""),")","")," and ","And")," ",""),SUBSTITUTE(SUBSTITUTE(SUBSTITUTE(SUBSTITUTE(E204,"(",""),")","")," and ","And")," ",""))

Sheet 6. Dashboards
B2: 6. Dashboards
